ville,url,adresse,email,telephone
aix-en-provence,https://agenceauto.com/fr/fr/agences/aix-en-provence,"1 rue des Piboules - Lieu dit les Ribas RDC, 13770 Venelles",aixenprovence@agenceauto.com,
ajaccio,https://agenceauto.com/fr/fr/agences/ajaccio,,ajaccio@agenceauto.com,
amiens,https://agenceauto.com/fr/fr/agences/amiens,"1 Rue Emile Zola, 80480 Salouël",amiens@agenceauto.com,
angers,https://agenceauto.com/fr/fr/agences/angers,"16 route d'Angers, 49124 Saint-Barthélemy-d",angers@agenceauto.com,
annecy,https://agenceauto.com/fr/fr/agences/annecy,"6 Route de nanfray, 74960 Annecy",annecy@agenceauto.com,
annemasse,https://agenceauto.com/fr/fr/agences/annemasse,"4 rue Germain Sommeiller, 74100 Annemasse",annemasse74@agenceauto.com,
athis-mons,https://agenceauto.com/fr/fr/agences/athis-mons,"145 TER Avenue Jacques Chirac, 91200 Athis-Mons",athis-mons@agenceauto.com,
barcelona,https://agenceauto.com/fr/fr/agences/barcelona,,barcelona@agenceauto.com,
belfort,https://agenceauto.com/fr/fr/agences/belfort,"24 Bis rue du Général de Gaulle, 90400 Danjoutin",belfort@agenceauto.com,
besancon-valentin,https://agenceauto.com/fr/fr/agences/besancon-valentin,"23 Rue de la Gare, 25770 Serre-les-Sapins",besancon@agenceauto.com,
biarritz-bab,https://agenceauto.com/fr/fr/agences/biarritz-bab,"11 Rue Bazter - Zone de Lana, 64210 Bidart",bab@agenceauto.com,
bordeaux-rive-droite,https://agenceauto.com/fr/fr/agences/bordeaux-rive-droite,"9 Rue Du Carbouney, 33560 Carbon-Blanc",bordeauxrd@agenceauto.com,
bourg-en-bresse,https://agenceauto.com/fr/fr/agences/bourg-en-bresse,"1277 Avenue de Trévoux, 01000 Saint-Denis-lès-Bourg",bourgenbresse@agenceauto.com,
brest,https://agenceauto.com/fr/fr/agences/brest,"163 Rue de Gouesnou, 29200 Brest",brest@agenceauto.com,
caen,https://agenceauto.com/fr/fr/agences/caen,,caen@agenceauto.com,
cergy-pontoise,https://agenceauto.com/fr/fr/agences/cergy-pontoise,"47 avenue des Genottes, 95800 Cergy Pontoise",cergypontoise@agenceauto.com,
chalon-sur-saone,https://agenceauto.com/fr/fr/agences/chalon-sur-saone,"13 ALLÉE ROBERT BAUDOIN, 71380 Châtenoy-en-Bresse",chalonsursaone@agenceauto.com,
chalons-en-champagne,https://agenceauto.com/fr/fr/agences/chalons-en-champagne,"7 B Rue Clément Ader, 51470 Saint-Memmie",chalonsenchampagne@agenceauto.com,
chateauroux,https://agenceauto.com/fr/fr/agences/chateauroux,"185 Avenue d'Argenton, 36000 Châteauroux",chateauroux@agenceauto.com,
chessy,https://agenceauto.com/fr/fr/agences/chessy,"41 Avenue Thibaud de Champagne, 77700 Chessy",chessy@agenceauto.com,
dax,https://agenceauto.com/fr/fr/agences/dax,"1245 AVENUE DE LA RESISTANCE, 40990 Saint-Paul-lès-Dax",dax@agenceauto.com,
dijon,https://agenceauto.com/fr/fr/agences/dijon,"9 Rue Des Ardennes, 21000 Dijon",dijon@agenceauto.com,
dole,https://agenceauto.com/fr/fr/agences/dole,"7 avenue du maréchal Juin, 39100 Dole",dole@agenceauto.com,
dunkerque,https://agenceauto.com/fr/fr/agences/dunkerque,"22 Boulevard Louis XIV, 59640 DUNKERQUE",dunkerque@agenceauto.com,06 18 90 83 33
epinal,https://agenceauto.com/fr/fr/agences/epinal,"15 Avenue de Provence, 88000 Épinal",epinal@agenceauto.com,"03-45-18-13-81, 06-03-75-80-91, 06-22-99-68-87"
epone,https://agenceauto.com/fr/fr/agences/epone,"6 Chemin des Ardilles, 78680 Épône",epone@agenceauto.com,
grenoble,https://agenceauto.com/fr/fr/agences/grenoble,"441 Rue Charles de Gaulle, 38920 Crolles",grenoble@agenceauto.com,
gretz-armainvilliers,https://agenceauto.com/fr/fr/agences/gretz-armainvilliers,"26 Rue Gustave Eiffel - Zone Artisanale, 77220 Gretz-Armainvilliers",gretz@agenceauto.com,
guadeloupe,https://agenceauto.com/fr/fr/agences/guadeloupe,,guadeloupe@agenceauto.com,
hericourt,https://agenceauto.com/fr/fr/agences/hericourt,"6 Faubourg de Belfort ZAC en Salomon, 70400 Héricourt",hericourt@agenceauto.com,
la-croix-verte,https://agenceauto.com/fr/fr/agences/la-croix-verte,"16 rue Jean Nicolas, 95560 Baillet-en-France",lacroixverte@agenceauto.com,
lannion,https://agenceauto.com/fr/fr/agences/lannion,"7 Boulevard de La Fayette, 22300 Lannion",lannion@agenceauto.com,07 87 10 20 64
lille-seclin,https://agenceauto.com/fr/fr/agences/lille-seclin,"3 rue du Rouge Bouton, 59113 Seclin",lille-seclin@agenceauto.com,
limoges,https://agenceauto.com/fr/fr/agences/limoges,"139 Rue de Bellac, 87100 Limoges",limoges@agenceauto.com,
lisboa,https://agenceauto.com/fr/fr/agences/lisboa,,lisboa@agenceauto.com,
lons-le-saunier,https://agenceauto.com/fr/fr/agences/lons-le-saunier,"9 rue pré des dames, 39570 Montmorot",lons@agenceauto.com,
louhans,https://agenceauto.com/fr/fr/agences/louhans,"11 RUE du 11 novembre, 71500 Louhans",louhans@agenceauto.com,
lyon,https://agenceauto.com/fr/fr/agences/lyon,"16 Avenue Rockefeller, 69008 Lyon 08",lyon@agenceauto.com,04.72.62.37.07
lyon-nord,https://agenceauto.com/fr/fr/agences/lyon-nord,"206 Rue des Terres Bourdin - Innovespace Perica, 69140 RILLIEUX-LA-PAPE",lyonnord@agenceauto.com,
martinique,https://agenceauto.com/fr/fr/agences/martinique,"94 PLATEAU ROY, 97233 Sch",jf.bundarra@agenceauto.com,
metz,https://agenceauto.com/fr/fr/agences/metz,"54 AVENUE de Thionville, 57050 Metz",metz@agenceauto.com,
molsheim,https://agenceauto.com/fr/fr/agences/molsheim,,molsheim@agenceauto.com,
montauban,https://agenceauto.com/fr/fr/agences/montauban,"385 Rue Des Lilas, 82800 Nègrepelisse",montauban@agenceauto.com,
montbeliard,https://agenceauto.com/fr/fr/agences/montbeliard,"25 Avenue de l'Europe, 25400 Audincourt",montbeliard@agenceauto.com,
montceau-les-mines,https://agenceauto.com/fr/fr/agences/montceau-les-mines,"10 Avenue des Alouettes, 71300 Montceau-les-Mines",montceaulesmines@agenceauto.com,
montpellier-est,https://agenceauto.com/fr/fr/agences/montpellier-est,"176 avenue de la royale ZA les Coustelliers, 34160 Castries",montpellierest@agenceauto.com,
mulhouse,https://agenceauto.com/fr/fr/agences/mulhouse,"24 Route Départementale 201 Zone Actipolis 1, 68390 Sausheim",contact@agenceauto.com,
mulhouse-sud,https://agenceauto.com/fr/fr/agences/mulhouse-sud,"32 rue Paul Cézanne, 68200 Mulhouse",mulhouse-sud@agenceauto.com,
namur-nord-fernelmont,https://agenceauto.com/fr/fr/agences/namur-nord-fernelmont,,namurnord@agenceauto.com,
nancy,https://agenceauto.com/fr/fr/agences/nancy,"10 Allée des Prunus, 54180 Houdemont",nancy@agenceauto.com,06 21 19 05 22
nantes-sud-est,https://agenceauto.com/fr/fr/agences/nantes-sud-est,"10 rue de la communauté Parc d'activité de Viais, 44860 Pont-Saint-Martin",nantes-sud-est@agenceauto.com,
nevers,https://agenceauto.com/fr/fr/agences/nevers,"53 rue Albert Camus, 58000 Nevers",nevers@agenceauto.com,
nice,https://agenceauto.com/fr/fr/agences/nice,"119 avenue Simone Veil, 06200 Nice",nice@agenceauto.com,
nimes,https://agenceauto.com/fr/fr/agences/nimes,"7 Rue de la grande terre, 30132 Caissargues",julien.rappin@agenceauto.com,
nogent-le-rotrou,https://agenceauto.com/fr/fr/agences/nogent-le-rotrou,"2 Avenue du Maréchal Foch, 28400 Nogent-le-Rotrou",nogentlerotrou@agenceauto.com,
palaiseau,https://agenceauto.com/fr/fr/agences/palaiseau,"5 Avenue du 1er Mai, 91120 Palaiseau",henri.oechslin@agenceauto.com,
ploermel-1,https://agenceauto.com/fr/fr/agences/ploermel-1,,ploermel@agenceauto.com,
pont-audemer,https://agenceauto.com/fr/fr/agences/pont-audemer,,pont-audemer@agenceauto.com,
pont-leveque,https://agenceauto.com/fr/fr/agences/pont-leveque,,lisieux@agenceauto.com,
pontarlier,https://agenceauto.com/fr/fr/agences/pontarlier,"1 rue de la Chaussée, 25300 Doubs",pontarlier@agenceauto.com,
pornic,https://agenceauto.com/fr/fr/agences/pornic,"60 Boulevard de Linz, 44210 Pornic",pornic@agenceauto.com,
quimper,https://agenceauto.com/fr/fr/agences/quimper,"474 Route de Bénodet, 29000 Quimper",quimper@agenceauto.com,
rennes-nord,https://agenceauto.com/fr/fr/agences/rennes-nord,"6 Boulevard D'émeraude - Parking Poltronesofa, 35760 Montgermont",rennesnord@agenceauto.com,"02.99.54.96.05, 07.80.42.78.36"
rodez,https://agenceauto.com/fr/fr/agences/rodez,"21 rue Saint Firmin, 12850 Onet-le-Château",rodez@agenceauto.com,
saint-brieuc,https://agenceauto.com/fr/fr/agences/saint-brieuc,"56 RUE de Paris, 22000 Saint Brieuc",saintbrieuc@agenceauto.com,
saint-louis,https://agenceauto.com/fr/fr/agences/saint-louis,"57 rue du Loup, 68220 Hésingue",saintlouis@agenceauto.com,
saint-quentin,https://agenceauto.com/fr/fr/agences/saint-quentin,"130 RUE DE PARIS, 02100 Saint-Quentin",st-quentin@agenceauto.com,
saint-die-des-vosges,https://agenceauto.com/fr/fr/agences/saint-die-des-vosges,"652 Rue d'Alsace, 88100 Sainte-Marguerite",saintdie@agenceauto.com,
saint-genis-pouilly,https://agenceauto.com/fr/fr/agences/saint-genis-pouilly,"15 rue louis et auguste lumière, 01630 Saint-Genis-Pouilly",ferney01@agenceauto.com,
saint-malo,https://agenceauto.com/fr/fr/agences/saint-malo,"4 RUE du Fort, 35430 Saint-Père-Marc-En-Poulet",david.lagogue@agenceauto.com,
sant-cugat-del-valles,https://agenceauto.com/fr/fr/agences/sant-cugat-del-valles,,barcelona@agenceauto.com,
selestat,https://agenceauto.com/fr/fr/agences/selestat,"57 Route de Strasbourg, 67600 Sélestat",selestat@agenceauto.com,
senlis,https://agenceauto.com/fr/fr/agences/senlis,"47 rue du Général de Gaulle, 60700 Fleurines",senlis@agenceauto.com,
sete,https://agenceauto.com/fr/fr/agences/sete,"4 QUAI Louis Pasteur, 34200 Sete",sete@agenceauto.com,
strasbourg-nord,https://agenceauto.com/fr/fr/agences/strasbourg-nord,"37 Route de Brumath, 67800 Hoenheim",strasbourgnord@agenceauto.com,
tignieu-jameyzieu,https://agenceauto.com/fr/fr/agences/tignieu-jameyzieu,,samuel.dossantos@agenceauto.com,
toulouse-fontenilles,https://agenceauto.com/fr/fr/agences/toulouse-fontenilles,"3 Impasse de Gascogne - ZA de l'Espèche, 31470 Fontenilles",fontenilles@agenceauto.com,
toulouse-nord,https://agenceauto.com/fr/fr/agences/toulouse-nord,"2 allée de Longueterre, 31850 Montrabé",ivan.jeunang@agenceauto.com,
toulouse-sud-est-labege,https://agenceauto.com/fr/fr/agences/toulouse-sud-est-labege,"71 Rue Ampère, 31670 Labège",walid.belkoussa@agenceauto.com,
tours,https://agenceauto.com/fr/fr/agences/tours,"9 rue Edouard Branly, 37170 Chambray-lès-Tours",tours@agenceauto.com,
troyes,https://agenceauto.com/fr/fr/agences/troyes,"2 rue de Rome, 10300 Sainte-Savine",troyes@agenceauto.com,
tulle,https://agenceauto.com/fr/fr/agences/tulle,"1 Rue de la migration, 19000 Tulle",tulle@agenceauto.com,
valenciennes,https://agenceauto.com/fr/fr/agences/valenciennes,"225 Avenue de Denain, 59300 Valenciennes",valenciennes@agenceauto.com,
vannes,https://agenceauto.com/fr/fr/agences/vannes,"5 Avenue Président Franklin Roosevelt, 56000 Vannes",vannes@agenceauto.com,
vernon,https://agenceauto.com/fr/fr/agences/vernon,"5 Zone Artisanale de Toisy, 27620 Gasny",vernon@agenceauto.com,
vesoul,https://agenceauto.com/fr/fr/agences/vesoul,"100 BOULEVARD DES ALLIES, 70000 Vesoul",vesoul@agenceauto.com,
viroflay,https://agenceauto.com/fr/fr/agences/viroflay,"150 Avenue du Général Leclerc, 78220 Viroflay",viroflay@agenceauto.com,"06 63 73 83 34, 06 76 50 27 12"
wasquehal,https://agenceauto.com/fr/fr/agences/wasquehal,"2 rue du centre, 59290 Wasquehal",villeneuvedascq@agenceauto.com,
yerville,https://agenceauto.com/fr/fr/agences/yerville,"115 Rue des laboureurs Zone d'activités du bois de l'arc, 76760 Yerville",yerville@agenceauto.com,
