reseau,nom_ville,adresse,email,telephone,url
TransakAuto,Agence ABBEVILLE,"16 ROUTE D'HESDIN, 80100 ABBEVILLE",abbeville@transakauto.com,06 88 45 86 61,https://annonces.transakauto.com/concessionnaire-voiture-occasion/agence-abbeville
TransakAuto,Agence AGEN,"356 ZAC LA ROUBIAGUE, 47390 LAYRAC",agen@transakauto.com,05 35 55 94 20,https://annonces.transakauto.com/concessionnaire-voiture-occasion/agence-agen
TransakAuto,Agence AIX EN PROVENCE NORD,"2 AVENUE MADELEINE BONNAUD, 13770 VENELLES",aixenprovencenord@transakauto.com,06 82 75 07 12,https://annonces.transakauto.com/concessionnaire-voiture-occasion/agence-aix-en-provence-nord
TransakAuto,Agence AIX EN PROVENCE SUD,"55 RUE LOUIS ARMAND, POLE D'ACTIVITÉ DES MILLES, 13290 AIX-EN-PROVENCE",aixenprovencesud@transakauto.com,06 26 33 48 82,https://annonces.transakauto.com/concessionnaire-voiture-occasion/agence-aix-en-provence-sud
TransakAuto,Agence ALBERTVILLE,"870 AVENUE JOSEPH FONTANET, 73200 ALBERTVILLE",albertville@transakauto.com,04 79 85 22 83,https://annonces.transakauto.com/concessionnaire-voiture-occasion/agence-albertville
TransakAuto,Agence ALBI,"91 ROUTE DE CASTRES, 81990 PUYGOUZON",albi@transakauto.com,05 63 43 45 12,https://annonces.transakauto.com/concessionnaire-voiture-occasion/agence-albi
TransakAuto,Agence ALENCON,"84 RUE DE BRETAGNE, 61000 ALENCON",alencon@transakauto.com,02 59 16 18 24,https://annonces.transakauto.com/concessionnaire-voiture-occasion/agence-alencon
TransakAuto,Agence ALES,"1281 ROUTE D'ALES, 30140 BAGARD",ales@transakauto.com,04 66 56 15 17,https://annonces.transakauto.com/concessionnaire-voiture-occasion/agence-ales
TransakAuto,Agence AMIENS,"94 CHAMP L'ENGUILLON, 80470 SAINT-SAUVEUR",tskamiens@gmail.com,06 33 82 22 68,https://annonces.transakauto.com/concessionnaire-voiture-occasion/agence-amiens
TransakAuto,Agence ANCENIS,"ZI DE L'AUFRESNES, 46 RUE ANDRE AMPERE, 44150 ANCENIS SAINT GERON",ancenis@transakauto.com,07 62 18 56 55,https://annonces.transakauto.com/concessionnaire-voiture-occasion/agence-ancenis
TransakAuto,Agence ANGERS,"216 PASSAGE DES BANCHAIS, 49100 ANGERS",angers@transakauto.com,07 45 29 77 94,https://annonces.transakauto.com/concessionnaire-voiture-occasion/agence-angers
TransakAuto,Agence ANGLET,"14 RUE DE L'INDUSTRIE, 64600 ANGLET",anglet@transakauto.com,05 59 74 15 78,https://annonces.transakauto.com/concessionnaire-voiture-occasion/agence-anglet
TransakAuto,Agence ANNECY,"140 RUE DE NOVUS PARC, 74330 POISY",annecy@transakauto.com,04 65 84 84 79,https://annonces.transakauto.com/concessionnaire-voiture-occasion/agence-annecy
TransakAuto,Agence ANNEMASSE,"38 CHEMIN DES FONTAINES, 74100 VETRAZ MONTHOUX",annemasse@transakauto.com,04 50 74 31 20,https://annonces.transakauto.com/concessionnaire-voiture-occasion/agence-annemasse
TransakAuto,Agence ANTHON,"25 ROUTE DE BELMONT, 38230 CHAVANOZ",anthon@transakauto.com,06 88 50 52 98,https://annonces.transakauto.com/concessionnaire-voiture-occasion/agence-anthon
TransakAuto,Agence ANTIBES,"104 ROUTE DE LA BADINE, 06600 ANTIBES",antibes@transakauto.com,04 93 61 62 12,https://annonces.transakauto.com/concessionnaire-voiture-occasion/agence-antibes
TransakAuto,Agence ARCACHON,"4 AVENUE DE L'ELLIPSE, ZONE TECHNOPARC, 33470 LE TEICH",arcachon@transakauto.com,05 29 19 34 85,https://annonces.transakauto.com/concessionnaire-voiture-occasion/agence-arcachon
TransakAuto,Agence ARLES,"18 CHEMIN DU TROU DE FOURQUES, 13200 ARLES",arles@transakauto.com,04 90 96 06 44,https://annonces.transakauto.com/concessionnaire-voiture-occasion/agence-arles
TransakAuto,Agence ARRAS,"3 RUE KEPLER CRÉARTOIS, 62223 SAINT-LAURENT-BLANGY",arras@transakauto.com,03 21 23 65 31,https://annonces.transakauto.com/concessionnaire-voiture-occasion/agence-arras
TransakAuto,Agence AUCH,"82 ROUTE D'AGEN, 32000 AUCH",auch@transakauto.com,06 85 79 80 59,https://annonces.transakauto.com/concessionnaire-voiture-occasion/agence-auch
TransakAuto,Agence AUXERRE,"RUE ROBERT RACLOT, 89290 CHAMPS SUR YONNE",auxerre@transakauto.com,03 86 52 19 99,https://annonces.transakauto.com/concessionnaire-voiture-occasion/agence-auxerre
TransakAuto,Agence AVIGNON,"2100 ROUTE DES MORIERES, 84000 AVIGNON",avignonsud@transakauto.com,04 90 27 16 32,https://annonces.transakauto.com/concessionnaire-voiture-occasion/agence-avignon
TransakAuto,Agence BASTIA,"78 rue Pierre Cahuzac, 20600 BASTIA",bastia@transakauto.com,0458284194,https://annonces.transakauto.com/concessionnaire-voiture-occasion/agence-bastia
TransakAuto,Agence BEAUVAIS,"26 AVENUE SALVADOR ALLENDE, 60000 BEAUVAIS",tskbeauvais@gmail.com,03 65 65 92 35,https://annonces.transakauto.com/concessionnaire-voiture-occasion/agence-beauvais
TransakAuto,Agence BEGARD,"ZA DE COAT YEN, 22140 BEGARD",guingamp@transakauto.com,02 96 13 72 59,https://annonces.transakauto.com/concessionnaire-voiture-occasion/agence-guingamp
TransakAuto,Agence BERGERAC,"66 AVENUE DE LA ROQUE, 24100 CREYSSE",bergerac@transakauto.com,05 53 23 69 97,https://annonces.transakauto.com/concessionnaire-voiture-occasion/agence-bergerac
TransakAuto,Agence BESANCON,"17 AVENUE DU COMMANDANT MARCEAU, 25000 BESANCON",besancon@transakauto.com,07 84 08 86 65,https://annonces.transakauto.com/concessionnaire-voiture-occasion/agence-besancon
TransakAuto,Agence BETHUNE,"501 RUE ERIC TABARLY, 62700 BRUAY-LA-BUISSIERE",bethune@transakauto.com,06 89 16 87 29,https://annonces.transakauto.com/concessionnaire-voiture-occasion/agence-bethune
TransakAuto,Agence BEZIERS,"7 RUE DES ANCIENNES CARRIERES, 34400 COLOMBIERS",beziers@transakauto.com,09 51 98 29 85,https://annonces.transakauto.com/concessionnaire-voiture-occasion/agence-beziers
TransakAuto,Agence BIDART &#8211; SAINT-JEAN-DE-LUZ,"70 RUE DU BASSILOUR, 64210 BIDART",bidart@transakauto.com,06 70 66 68 54,https://annonces.transakauto.com/concessionnaire-voiture-occasion/agence-bidart
TransakAuto,Agence BLOIS,"24 E ROUTE NATIONAL, 41260 LA CHAUSSEE SAINT-VICTOR",blois@transakauto.com,02 54 46 32 38,https://annonces.transakauto.com/concessionnaire-voiture-occasion/agence-blois
TransakAuto,Agence BOLLENE,"1615 CHEMIN DE LA DECELLE, 26130 SAINT-PAUL-TROIS-CHATEAUX",bollene@transakauto.com,04 28 95 16 90,https://annonces.transakauto.com/concessionnaire-voiture-occasion/agence-bollene
TransakAuto,Agence BORDEAUX EYSINES,"50 AVENUE RENÉ ANTOUNE, 33320 EYSINES",bordeaux@transakauto.com,05 33 51 13 89,https://annonces.transakauto.com/concessionnaire-voiture-occasion/agence-bordeaux-eysines
TransakAuto,Agence BORDEAUX RIVE DROITE,"3 RUE DES FRERES LUMIERES, 33560 CARBON-BLANC",bordeaux.rivedroite@transakauto.com,09 87 44 17 84,https://annonces.transakauto.com/concessionnaire-voiture-occasion/agence-bordeaux-rive-droite
TransakAuto,Agence BOURG-EN-BRESSE,"482 RUE DU CALIDON, 1440 VIRIAT",lcauto@transacautos.com,06 58 61 63 83,https://annonces.transakauto.com/concessionnaire-voiture-occasion/agence-bourg-en-bresse
TransakAuto,Agence BOURGES,"101/111 RUE DE LA GARENNE, 18230 SAINT DOULCHARD BOURGES",bourges@transakauto.com,02 48 02 21 05,https://annonces.transakauto.com/concessionnaire-voiture-occasion/agence-bourges
TransakAuto,Agence BOURGOIN-JAILLEU,"225 AVENUE DES MARRONNIERS, 38300 BOURGOIN-JALLIEU",bourgoin@transakauto.com,04 37 03 32 68,https://annonces.transakauto.com/concessionnaire-voiture-occasion/agence-bourgoin
TransakAuto,Agence BREST,"14 AVENUE BARON LACROSSE, 29850 GOUESNOU",brest@transakauto.com,02 98 04 64 51,https://annonces.transakauto.com/concessionnaire-voiture-occasion/agence-brest
TransakAuto,Agence BRIE-COMTE-ROBERT,"2 ALLÉE FRANCOIS ARAGO, 77170 BRIE-COMTE-ROBERT",briecomterobert@transakauto.com,01 83 88 92 87,https://annonces.transakauto.com/concessionnaire-voiture-occasion/agence-brie-comte-robert
TransakAuto,Agence BRIGNOLES,"ZA DES CAVIERES, 83170 CAMPS LA SOURCE",brignoles@transakauto.com,06 66 65 81 72,https://annonces.transakauto.com/concessionnaire-voiture-occasion/agence-brignoles
TransakAuto,Agence BRIVE-LA-GAILLARDE,"1 Av. de la libération, 19360 Malemort",brivelagaillarde@transakauto.com,06 60 51 09 65,https://annonces.transakauto.com/concessionnaire-voiture-occasion/agence-brive-la-gaillarde
TransakAuto,"Agence BRUXELLES, BELGIQUE","RUE LEOPOLD 1ER, 181, 1020 BRUXELLES",bruxelles@transakauto.com,32 451 01 21 92,https://annonces.transakauto.com/concessionnaire-voiture-occasion/agence-bruxelles
TransakAuto,Agence CADAUJAC,"482 RUE DU COURDOUNEY, 33140 CADAUJAC",cadaujac@transakauto.com,09 88 55 28 09,https://annonces.transakauto.com/concessionnaire-voiture-occasion/agence-cadaujac
TransakAuto,Agence CAEN,"8 RUE DU FOUR A CHAUX ZONE LAZARRO 3, 14460 COLOMBELLES",caen@transakauto.com,02 31 72 00 98,https://annonces.transakauto.com/concessionnaire-voiture-occasion/agence-caen
TransakAuto,Agence CAHORS,"9 CHEM. DU PONT DE CAMPAGNE,, 46000 CAHORS",cahors@transakauto.com,05 65 21 04 58,https://annonces.transakauto.com/concessionnaire-voiture-occasion/agence-cahors
TransakAuto,Agence CALUIRE-ET-CUIRE,"84, AVENUE DE LA POTERIE, 69890 LA TOUR DE SALAGNY",tsklyonnord@intermediaireauto.com,04 81 91 92 25,https://annonces.transakauto.com/concessionnaire-voiture-occasion/agence-lyon-nord
TransakAuto,Agence CAMBRAI,"24 RUE DES CHAUDRONNIERS, 59400 CAMBRAI",cambrai@transakauto.com,03 27 74 11 38,https://annonces.transakauto.com/concessionnaire-voiture-occasion/agence-cambrai
TransakAuto,Agence CANNES,"1018 AVENUE DU CAMPON, 6110 LE CANNET",cannes06@transakauto.com,04 65 84 19 13,https://annonces.transakauto.com/concessionnaire-voiture-occasion/agence-cannes
TransakAuto,Agence CAPBRETON,"153 ZA DU HOUSQUIT, 40530 LABENNE",capbreton@transakauto.com,07 89 23 94 65,https://annonces.transakauto.com/concessionnaire-voiture-occasion/agence-capbreton
TransakAuto,Agence CARCASSONNE,"8 RUE JEAN ANTOINE CHAPTAL, 11000 CARCASSONNE",carcassonne@transakauto.com,06 65 13 61 21,https://annonces.transakauto.com/concessionnaire-voiture-occasion/agence-carcassonne
TransakAuto,Agence CASTRES,"24 IMPASSE LOUIS AMPERE, 81580 SOUAL",castres@transakauto.com,09 86 42 66 89,https://annonces.transakauto.com/concessionnaire-voiture-occasion/agence-castres
TransakAuto,Agence CERGY,"4 RUE HEINRICH HERTZ, 95300 ENNERY",cergy@transakauto.com,06 33 75 04 36,https://annonces.transakauto.com/concessionnaire-voiture-occasion/agence-cergy
TransakAuto,Agence CHALLANS,"10 RUE LE CORBUSIER, 85300 CHALLANS",challans@transakauto.com,02 51 55 74 84,https://annonces.transakauto.com/concessionnaire-voiture-occasion/agence-challans
TransakAuto,Agence CHALON-SUR-SAONE,"3 RUE GABRIEL LIPPMANN, 71880 CHATENOY-LE-ROYAL",chalon-sur-saone@transakauto.com,0385411985,https://annonces.transakauto.com/concessionnaire-voiture-occasion/agence-chalon-sur-saone
TransakAuto,Agence CHAMBERY,"2577 AVENUE DES LANDIERS, 73000 CHAMBERY",chambery@transakauto.com,04 80 81 95 28,https://annonces.transakauto.com/concessionnaire-voiture-occasion/agence-chambery
TransakAuto,Agence CHAMBOURCY,"68 RUE DE LA CROIX DE L’ORME   , 78630 MORAINVILLIERS ",chambourcy@transakauto.com,0139192766,https://annonces.transakauto.com/concessionnaire-voiture-occasion/agence-chambourcy
TransakAuto,Agence CHARTRES,"9 RUE DES CHÊNES, 26800 LUISANT",chartres@transakauto.com,06 49 50 38 62,https://annonces.transakauto.com/concessionnaire-voiture-occasion/agence-chartres
TransakAuto,Agence CHATEAUBRIANT,"8 RUE MARTIN LUTHER KING, 44110 CHATEAUBRIANT",chateaubriant@transakauto.com,02 53 35 01 50,https://annonces.transakauto.com/concessionnaire-voiture-occasion/agence-chateaubriant
TransakAuto,Agence CHATEAUROUX,"152 AV. DE LA CHÂTRE, 36000 CHATEAUROUX",chateauroux@transakauto.com,02 54 07 15 59,https://annonces.transakauto.com/concessionnaire-voiture-occasion/agence-chateauroux
TransakAuto,Agence CHELLES,"28 AVENUE JEAN JAURES, 77177 BROU SUR CHANTEREINE",chelles@transakauto.com,01 64 11 09 57,https://annonces.transakauto.com/concessionnaire-voiture-occasion/agence-chelles
TransakAuto,Agence CHERBOURG-EN-COTENTIN,"1 RUE DE BATAVIA, 50100 CHERBOURG EN COTENTIN",cherbourg@transakauto.com,02 61 81 87 57,https://annonces.transakauto.com/concessionnaire-voiture-occasion/agence-cherbourg-en-cotentin
TransakAuto,Agence CHOLET,"99 D RUE PIERRE GILLES DE GENNES, 49300 CHOLET",cholet@transakauto.com,07 43 01 09 62,https://annonces.transakauto.com/concessionnaire-voiture-occasion/agence-cholet
TransakAuto,Agence CLERMONT FERRAND SUD,"8 AV. JEAN CURABET, 63170 AUBIÈRE",clermont-ferrandsud@transakauto.com,04 73 14 00 83,https://annonces.transakauto.com/concessionnaire-voiture-occasion/agence-clermont-ferrand-sud
TransakAuto,Agence COMPIEGNE,"364 AVENUE JEAN MOULIN, 60880 JAUX",compiegne@transakauto.com,03 44 23 89 83,https://annonces.transakauto.com/concessionnaire-voiture-occasion/agence-compiegne
TransakAuto,Agence CONFLANS-SAINTE-HONORINE,"245 RUE DE L'AMBASSADEUR, 78700 CONFLANS-SAINTE-HONORINE",conflans@transakauto.com,06 15 55 31 66,https://annonces.transakauto.com/concessionnaire-voiture-occasion/agence-conflans-sainte-honorine
TransakAuto,Agence DAMMARTIN EN GOELE,"2 ROUTE DE PARIS, 60330 LAGNY LE SEC",dammartin-en-goele@transakauto.com,06 66 08 99 82,https://annonces.transakauto.com/concessionnaire-voiture-occasion/agence-dammartin-en-goele-sas-izauto
TransakAuto,Agence DAVEZIEUX,"130 RUE DU MAS, 74300 DAVÉZIEUX",annonay@transakauto.com,09 88 07 81 92,https://annonces.transakauto.com/concessionnaire-voiture-occasion/agence-davezieux
TransakAuto,Agence DAX,"901 ROUTES DES PYRÉNÉES, 40180 NARROSSE",dax@transakauto.com,05 25 26 12 13,https://annonces.transakauto.com/concessionnaire-voiture-occasion/agence-dax
TransakAuto,Agence DEAUVILLE,"1 RUE PASTEUR, 14130 PONT L'EVEQUE",deauville@transakauto.com,06 09 41 91 76,https://annonces.transakauto.com/concessionnaire-voiture-occasion/agence-deauville
TransakAuto,Agence DIEPPE,"55 AVENUE VAUBAN, 76200 DIEPPE",dieppe@transakauto.com,06 23 21 57 93,https://annonces.transakauto.com/concessionnaire-voiture-occasion/agence-dieppe
TransakAuto,Agence DIJON,"6 IMPASSE DES BOUSSENOTS, 21800 QUETIGNY",dijon@transakauto.com,03 80 23 63 62,https://annonces.transakauto.com/concessionnaire-voiture-occasion/agence-dijon
TransakAuto,Agence DOUAI,"965 RUE DU FAUBOURG D'ESQUERCHIN, 59553 CUINCY",douai@transakauto.com,06 42 71 37 49,https://annonces.transakauto.com/concessionnaire-voiture-occasion/agence-douai
TransakAuto,Agence DRAGUIGNAN,"76 IMPASSE DES TOURTERELLES ZAC DES FERRIERES, 83490 LE MUY",draguignan@transakauto.com,04 89 25 08 07,https://annonces.transakauto.com/concessionnaire-voiture-occasion/agence-draguignan
TransakAuto,Agence DREUX,"30 RUE ANDRE RAVALEE, 28100 DREUX",dreux@transakauto.com,02 59 16 19 18,https://annonces.transakauto.com/concessionnaire-voiture-occasion/agence-dreux
TransakAuto,Agence DUNKERQUE,"20 RUE DU COMMERCE, 59180 CAPPELLE-LA-GRANDE",dunkerque@transakauto.com,06 68 13 57 85,https://annonces.transakauto.com/concessionnaire-voiture-occasion/agence-dunkerque
TransakAuto,Agence EAUNES,"8 BOULEVARD DE LA LEZE, 31600 EAUNES",eaunes@transakauto.com,05 61 76 50 48,https://annonces.transakauto.com/concessionnaire-voiture-occasion/agence-eaunes
TransakAuto,Agence ELBEUF,"54 RUE RAYMOND SOUDAY, 76410 CLEON",elbeuf@transakauto.com,02 78 08 80 69,https://annonces.transakauto.com/concessionnaire-voiture-occasion/agence-elbeuf
TransakAuto,Agence ENGHIEN-LES-BAINS,"20 RUE PASTEUR, 95880 ENGHIEN-LES-BAINS",enghienlesbains@transakauto.com,06 34 66 32 59,https://annonces.transakauto.com/concessionnaire-voiture-occasion/agence-enghien-les-bains
TransakAuto,Agence EPINAL,"17 A IMPASSE DU BOVIDUC, 88190 GOLBEY",epinal@transakauto.com,03 29 37 82 40,https://annonces.transakauto.com/concessionnaire-voiture-occasion/agence-epinal
TransakAuto,Agence ETAMPES,"41 RUE DE LA CROIX BOISSEE,, 91150 BRIERES-LES-SCELLES",etampes@transakauto.com,06 25 50 91 08,https://annonces.transakauto.com/concessionnaire-voiture-occasion/agence-antibes
TransakAuto,"Agence ETANG-SALE, REUNION","AVENUE MICHEL DEBRE ZONE DES SABLES, 97427 ETANG-SALE",etang-sale@transakauto.com,06 93 01 81 85,https://annonces.transakauto.com/concessionnaire-voiture-occasion/agence-etang-sale-la-reunion
TransakAuto,Agence EVREUX,"28 ROUTE DE MELLEVILLE, 27930 AGERVILLE LA CAMPAGNE",evreux@transakauto.com,02 32 23 52 87,https://annonces.transakauto.com/concessionnaire-voiture-occasion/agence-evreux
TransakAuto,Agence FLERS,"31 AVENUE DE LA SUISSE NORMANDE, 61100 SAINT-GEORGES-DES-GROSEILLERS",flers@transakauto.com,02 59 15 25 31,https://annonces.transakauto.com/concessionnaire-voiture-occasion/agence-flers
TransakAuto,Agence FONTAINEBLEAU,"1 RUE MONTCHAVANT, 77250 MORET LOING ET ORVANNE",fontainebleau@transakauto.com,01 83 88 95 50,https://annonces.transakauto.com/concessionnaire-voiture-occasion/agence-fontainebleau
TransakAuto,Agence FRONTON,"7 RUE SERGE GRANIÉ, 82170 GRISOLLES",fronton@transakauto.com,05 82 81 94 98,https://annonces.transakauto.com/concessionnaire-voiture-occasion/agence-fronton
TransakAuto,Agence GAP,"8 RUE DES COMPAGNONS ZONE FAUVINS 2, 5000 GAP",gap@transakauto.com,07 59 65 22 90,https://annonces.transakauto.com/concessionnaire-voiture-occasion/agence-gap
TransakAuto,Agence GEX,"70 RUE LOUIS ET AUGUSTE LUMIÈRE, 1630 SAINT-GENIS-POUILLY",gex@transakauto.com,09 61 42 87 53,https://annonces.transakauto.com/concessionnaire-voiture-occasion/agence-gex
TransakAuto,Agence GISORS,"20 rue de Dieppe, 27140 GISORS",gisors@transakauto.com,0685260130,https://annonces.transakauto.com/concessionnaire-voiture-occasion/agence-gisors
TransakAuto,Agence GRASSE,"48 AVENUE DE LA LIBÉRATION, 06130 GRASSE",grasse@transakauto.com,04 22 23 92 93,https://annonces.transakauto.com/concessionnaire-voiture-occasion/agence-grasse
TransakAuto,Agence GRENOBLE EST,"295 RUE DES SOURCES, 38920 CROLLES",grenobleest@transakauto.com,04 80 80 46 06,https://annonces.transakauto.com/concessionnaire-voiture-occasion/agence-grenoble-est
TransakAuto,Agence GRENOBLE OUEST,"43 AVENUE DE LA RÉPUBLIQUE, 38170 SEYSSINET-PARISET",grenobleouest@transakauto.com,04 80 80 92 98,https://annonces.transakauto.com/concessionnaire-voiture-occasion/agence-grenoble-ouest
TransakAuto,Agence HAGUENAU,"6 RUE DE L'ECORCAGE, 67590 SCHWEIGHOUSE-SUR-MODER",haguenau@transakauto.com,06 70 92 95 18,https://annonces.transakauto.com/concessionnaire-voiture-occasion/agence-haguenau
TransakAuto,Agence L&rsquo;ISLE SUR LA SORGUE,"100 AVENUE DE LA PETITE MARINE, 84800 L'ISLE-SUR-LA-SORGUE",isle@transakauto.com,04 90 15 73 13,https://annonces.transakauto.com/concessionnaire-voiture-occasion/agence-l-isle-sur-la-sorgue
TransakAuto,Agence LA ROCHE SUR YON,"1 RUE BENJAMIN FRANKLIN, 85190 VENANSAULT",laroche-sur-yon@transakauto.com,02 28 97 74 24,https://annonces.transakauto.com/concessionnaire-voiture-occasion/agence-la-roche-sur-yon
TransakAuto,Agence LA ROCHELLE / AYTRE,"37 RUE AMPERE ZONE LA CORNE NEUVE, 17139 DOMPIERRE-SUR-MER",larochelle@transakauto.com,05 16 49 03 91,https://annonces.transakauto.com/concessionnaire-voiture-occasion/agence-la-rochelle
TransakAuto,Agence LAMBALLE,"LA PETITE HOUSSAIE, 22400 SAINT-ALBAN",lamballe@transakauto.com,02 57 77 00 51,https://annonces.transakauto.com/concessionnaire-voiture-occasion/agence-lamballe
TransakAuto,Agence LANGON,"10 RUE ZAE ECOPOLE, 33190 LOUPIAC-DE-LA-REOLE",langon@transakauto.com,05 56 61 21 53,https://annonces.transakauto.com/concessionnaire-voiture-occasion/agence-langon
TransakAuto,Agence LAON,"18 RUE JEAN-BAPTISTE COLBERT, 2000 CHAMBRY",laon@transakauto.com,06 70 84 13 07,https://annonces.transakauto.com/concessionnaire-voiture-occasion/agence-laon
TransakAuto,Agence LAVAL,"34 BOULEVARD DE L'INDUSTRIE, 53940 SAINT BERTHEVIN",laval@transakauto.com,02 43 02 37 34,https://annonces.transakauto.com/concessionnaire-voiture-occasion/agence-laval
TransakAuto,Agence LE HAVRE,"19 RUE PAUL VERLAINE, 76700 HARFLEUR",lehavre@transakauto.com,06 67 71 54 10,https://annonces.transakauto.com/concessionnaire-voiture-occasion/agence-le-havre
TransakAuto,Agence LE MANS,"38 BOULEVARD D'ESTIENNE D'ORVES, 72100 LE MANS",lemans@transakauto.com,02 43 39 37 88,https://annonces.transakauto.com/concessionnaire-voiture-occasion/agence-le-mans
TransakAuto,Agence LE RAINCY,"12 AVENUE DU GENERAL GALLIENI, 93250 VILLEMOMBLE",leraincy@transakauto.com,06 16 41 02 51,https://annonces.transakauto.com/concessionnaire-voiture-occasion/agence-le-raincy
TransakAuto,Agence LE TOUQUET,"44 AVENUE DU CHAMP DE GRETZ, 62180 VERTON",letouquet@transakauto.com,03 21 84 11 12,https://annonces.transakauto.com/concessionnaire-voiture-occasion/agence-le-touquet
TransakAuto,Agence LENS,"PARC D'ACTIVITÉS DU GARD, 1 RUE DU GARD, 62300 LENS",lens@transakauto.com,06 86 27 40 01,https://annonces.transakauto.com/concessionnaire-voiture-occasion/agence-lens
TransakAuto,Agence LES CLAYES SOUS BOIS,"10 RUE MAURICE JOUET, 78340 LES CLAYES SOUS BOIS",lesclayes@transakauto.com,07 61 40 94 36,https://annonces.transakauto.com/concessionnaire-voiture-occasion/agence-les-clayes-sous-bois
TransakAuto,Agence LES SABLES D&rsquo;OLONNE,"38 AVENUE RENÉ COTY,, 85180 LES SABLES-D’OLONNE",lessablesdolonne@transakauto.com,02 51 01 72 11,https://annonces.transakauto.com/concessionnaire-voiture-occasion/agence-les-sables-d-olonne
TransakAuto,Agence LIBOURNE,"26 BIS AVENUE DE L'EPINETTE, 33500 LIBOURNE",libourne@transakauto.com,05 57 50 51 40,https://annonces.transakauto.com/concessionnaire-voiture-occasion/agence-libourne
TransakAuto,Agence LIEUSAINT,"555 AVENUE MARGUERITE PEREY, 77127 LIEUSAINT",lieusaint@transakauto.com,01 87 66 55 35,https://annonces.transakauto.com/concessionnaire-voiture-occasion/agence-lieusaint
TransakAuto,Agence LILLE,"501 RUE OBERT, 59118 WAMBRECHIES",lille@transakauto.com,07 60 03 78 49,https://annonces.transakauto.com/concessionnaire-voiture-occasion/agence-lille
TransakAuto,Agence LIMOGES,"44 RUE AUGUSTE COMTE, 87280 LIMOGES",limoges@transakauto.com,05 55 37 11 71,https://annonces.transakauto.com/concessionnaire-voiture-occasion/agence-limoges
TransakAuto,Agence LONS LE SAUNIER,"745 BOULEVARD THÉODORE VERNIER, 39000 LONS-LE-SAUNIER",lonslesaunier@transakauto.com,06 27 06 06 11,https://annonces.transakauto.com/concessionnaire-voiture-occasion/agence-lons-le-saunier
TransakAuto,Agence LORIENT,"30 BOULEVARD LEON BLUM, 56100 LORIENT",lorient@transakauto.com,06 61 09 85 21,https://annonces.transakauto.com/concessionnaire-voiture-occasion/agence-lorient
TransakAuto,Agence LUNEL,"450 AVENUE DE MONTPELLIER, 34130 VALLERGUES",lunel@transakauto.com,04 67 71 37 86,https://annonces.transakauto.com/concessionnaire-voiture-occasion/agence-lunel
TransakAuto,Agence LYON 8 EME,"45 AVENUE PAUL SANTY, 69008 LYON",lyon8@transakauto.com,09 86 26 62 41,https://annonces.transakauto.com/concessionnaire-voiture-occasion/agence-lyon-8
TransakAuto,Agence LYON EST,"150 RUE GEORGES CHARPAK, 1390 CIVRIEUX",lyonest@transakauto.com,04 72 05 05 06,https://annonces.transakauto.com/concessionnaire-voiture-occasion/agence-lyon-est
TransakAuto,Agence LYON OUEST,"12 RUE DE LA PIERRE BLEUE, 69630 CHAPONOST",lyonouest@transakauto.com,04 78 56 27 99,https://annonces.transakauto.com/concessionnaire-voiture-occasion/agence-lyon-ouest
TransakAuto,Agence MACON,"266 RUE DE BOURGOGNE, 71680 CRECHES-SUR-SAONE",macon@transakauto.com,03 85 20 64 39,https://annonces.transakauto.com/concessionnaire-voiture-occasion/agence-macon
TransakAuto,Agence MANOSQUE,"96 ROUTE DE MARSEILLE, 04100 MANOSQUE",manosque@transakauto.com,04 22 91 19 29,https://annonces.transakauto.com/concessionnaire-voiture-occasion/agence-manosque
TransakAuto,Agence MANTES-LA-JOLIE,"9 RUE COSTES ET BELLONTE, 78200 MANTES-LA-JOLIE",manteslajolie@transakauto.com,01 86 04 15 61,https://annonces.transakauto.com/concessionnaire-voiture-occasion/agence-mantes-la-jolie
TransakAuto,Agence MARIGNANE,"63 AVENUE DU MARECHAL JUIN, 13700 MARIGNANE",marignane@transakauto.com,04 86 68 23 47,https://annonces.transakauto.com/concessionnaire-voiture-occasion/agence-marignane
TransakAuto,Agence MAUBEUGE,"9 RUE PIERRE DE COUBERTIN, 59600 MAUBEUGE",maubeuge@transakauto.com,03 27 56 38 73,https://annonces.transakauto.com/concessionnaire-voiture-occasion/agence-maubeuge
TransakAuto,Agence MEAUX,"204 RUE HENRI DE FRANCE, 77124 VILLENOY",meaux@transakauto.com,06 03 99 77 06,https://annonces.transakauto.com/concessionnaire-voiture-occasion/agence-meaux
TransakAuto,Agence METZ,"4 RUE DU CHENE BRULE, 54700 LESMENILS",metz@transakauto.com,03 83 80 03 66,https://annonces.transakauto.com/concessionnaire-voiture-occasion/agence-metz
TransakAuto,"Agence MONS, BELGIQUE","QUAI SUD 31/2, 7000 MONS",mons@transakauto.com,+32 65 67 62 12,https://annonces.transakauto.com/concessionnaire-voiture-occasion/agence-mons
TransakAuto,Agence MONT DE MARSAN,"1144 AVENUE ELOI DUCOM, 40000 MONT DE MARSAN",mont-de-marsan@transakauto.com,05 24 28 12 71,https://annonces.transakauto.com/concessionnaire-voiture-occasion/agence-mont-de-marsan
TransakAuto,Agence MONTARGIS,"110 RUE DE PAUCOURT, 45200 AMILLY",montargis@transakauto.com,02 34 05 69 22,https://annonces.transakauto.com/concessionnaire-voiture-occasion/agence-montargis
TransakAuto,Agence MONTAUBAN,"10 IMPASSE D'HELSINKI, 82000 MONTAUBAN",montauban@transakauto.com,05 63 31 40 42,https://annonces.transakauto.com/concessionnaire-voiture-occasion/agence-montauban
TransakAuto,Agence MONTBELIARD,"ZONE INDUSTRIELLE LES ANSANGES, 25700 MATHAY",montbeliard25@transakauto.com,07 83 09 60 27,https://annonces.transakauto.com/concessionnaire-voiture-occasion/agence-montbeliard
TransakAuto,Agence MONTELIMAR,"58A RUE BENOIT FOURNEYRON, 26780 CHATEAUNEUF-DU-RHONE",montelimar@transakauto.com,04 75 51 94 16,https://annonces.transakauto.com/concessionnaire-voiture-occasion/agence-montelimar
TransakAuto,Agence MONTLUCON,"56 RUE EUGÈNE SUE, 3100 MONTLUÇON",montlucon@transakauto.com,06 14 90 25 48,https://annonces.transakauto.com/concessionnaire-voiture-occasion/agence-montlucon
TransakAuto,Agence MONTPELLIER,"3 RUE CLEMENT ADER, 34430 SAINT JEAN DE VEDAS",montpellier@transakauto.com,04 67 63 01 41,https://annonces.transakauto.com/concessionnaire-voiture-occasion/agence-montpellier
TransakAuto,Agence MORLAIX,"69 ROUTE DE SAINTE-SÈVE, 29600 SAINT-MARTIN-DES-CHAMPS",morlaix@transakauto.com,02 98 59 69 46,https://annonces.transakauto.com/concessionnaire-voiture-occasion/agence-morlaix
TransakAuto,Agence MOULINS,"132 ROUTE DE LYON, 03400 YZEURE",moulins@transakauto.com,04 70 34 55 21,https://annonces.transakauto.com/concessionnaire-voiture-occasion/agence-moulins
TransakAuto,"Agence NAMUR, BELGIQUE","RUE DES BALAIVES 6, 5101 ERPENT",namur@transakauto.com,+32 814 00874,https://annonces.transakauto.com/concessionnaire-voiture-occasion/agence-namur
TransakAuto,Agence NANCY,"441 RUE DU FRANCLOS, 54710 LUDRES",nancy.mckars@gmail.com,06 72 77 51 31,https://annonces.transakauto.com/concessionnaire-voiture-occasion/agence-nancy
TransakAuto,Agence NANTES NORD,"9 RUE DE LA JOHARDIERE, 44800 SAINT HERBLAIN",nantesnord@transakauto.com,02 40 85 32 53,https://annonces.transakauto.com/concessionnaire-voiture-occasion/agence-nantes-nord
TransakAuto,Agence NARBONNE,"441 RUE LAURENT DE LAVOISIER, 11100 NARBONNE",narbonne@transakauto.com,04 68 45 06 01,https://annonces.transakauto.com/concessionnaire-voiture-occasion/agence-narbonne
TransakAuto,Agence NICE EST,"94 BOULEVARD RENE CASSIN, 06100 NICE",niceest@transakauto.com,04 22 91 83 44,https://annonces.transakauto.com/concessionnaire-voiture-occasion/agence-nice-est
TransakAuto,Agence NICE OUEST,"64 COURSIVE DES CHARPENTIERS, 6700 SAINT-LAURENT-DU-VAR",niceouest@transakauto.com,06 61 20 20 58,https://annonces.transakauto.com/concessionnaire-voiture-occasion/agence-nice-ouest
TransakAuto,Agence NIMES,"10 AVENUE DE LA VISTRENQUE, 30123 CAISSARGUES",nimes1@transakauto.com,04 49 05 93 87,https://annonces.transakauto.com/concessionnaire-voiture-occasion/agence-nimes
TransakAuto,Agence NIORT,"107 RUE DE L'AERODROME, 79000 NIORT",niort@transakauto.com,05 16 18 24 20,https://annonces.transakauto.com/concessionnaire-voiture-occasion/agence-niort
TransakAuto,Agence ORANGE,"775 AVENUE DE VERDUN, 84100 ORANGE",orange@transakauto.com,04 86 71 12 04,https://annonces.transakauto.com/concessionnaire-voiture-occasion/agence-orange
TransakAuto,Agence ORLEANS,"146 RUE DE LA BARRIERE SAINT MARC, 45000 ORLEANS",orleans@transakauto.com,06 68 59 39 14,https://annonces.transakauto.com/concessionnaire-voiture-occasion/agence-orleans
TransakAuto,Agence PAU,"6 RUE LEPINE, 64140 LONS",pau@transakauto.com,05 35 53 97 05,https://annonces.transakauto.com/concessionnaire-voiture-occasion/agence-pau
TransakAuto,Agence PERIGUEUX,"3 BOULEVARD DE LAVENIR, 24430 MARSAC-SUR-L'ISLE",agenceperigueux24@gmail.com,05 53 03 03 25,https://annonces.transakauto.com/concessionnaire-voiture-occasion/agence-perigueux
TransakAuto,Agence PERPIGNAN NORD SAINT ESTEVE,"32 AVENUE TORREMILA, 66240 SAINT-ESTEVE",sm.transactionauto@gmail.com,04 48 89 96 89,https://annonces.transakauto.com/concessionnaire-voiture-occasion/agence-perpignan
TransakAuto,Agence PERTUIS,"79 RUE DENIS PAPIN, 84120 PERTUIS",pertuis@transakauto.com,04 22 91 90 11,https://annonces.transakauto.com/concessionnaire-voiture-occasion/agence-pertuis
TransakAuto,Agence PLOERMEL,"ZA DE LA BOURDONNAYE, 56120 LES FORGES DE LANOUÉE",ploermel@transakauto.com,02 97 72 62 75,https://annonces.transakauto.com/concessionnaire-voiture-occasion/agence-ploermel
TransakAuto,Agence POITIERS,"3 RUE RAYMOND COLLART, 86580 BIARD",poitiers@transakauto.com,05 49 55 38 47,https://annonces.transakauto.com/concessionnaire-voiture-occasion/agence-poitiers
TransakAuto,Agence PORNIC,"31 RUE DES CHAMPS FRANCS, 44210 PORNIC",pornic@transakauto.com,09 56 31 10 00,https://annonces.transakauto.com/concessionnaire-voiture-occasion/agence-pornic
TransakAuto,Agence PROVINS,"15 RUE VALENTIN ABEILLE, 77160 PROVINS",provins@transakauto.com,06 79 92 78 92,https://annonces.transakauto.com/concessionnaire-voiture-occasion/agence-provins
TransakAuto,Agence QUIMPER,"41 ROUTE DE ROSPORDEN,, 29000 QUIMPER",quimper@transakauto.com,07 63 86 90 10,https://annonces.transakauto.com/concessionnaire-voiture-occasion/agence-quimper
TransakAuto,Agence RAMBOUILLET,"ZAC DE BEL AIR, 1 RUE AMELIA EARHART, 78125 GAZERAN",rambouillet@transakauto.com,01 89 88 23 30,https://annonces.transakauto.com/concessionnaire-voiture-occasion/agence-rambouillet
TransakAuto,Agence REDON,"23 RUE DU LOTIER DES MARAIS ZA LANDE SAINT-JEAN, 35600 SAINTE-MARIE",redon@transakauto.com,02 99 72 13 89,https://annonces.transakauto.com/concessionnaire-voiture-occasion/agence-redon
TransakAuto,Agence REIMS,"6 RUE MAURICE PREVOTEAU, 51100 REIMS",reims@transakauto.com,03 74 47 29 59,https://annonces.transakauto.com/concessionnaire-voiture-occasion/agence-reims
TransakAuto,Agence RENNES OUEST,"4 RUE DU TERTRE ZA DE LA BROSSE, 35520 LA CHAPELLE-DES-FOUGERETZ",rennesouest@transakauto.com,02 99 02 84 05,https://annonces.transakauto.com/concessionnaire-voiture-occasion/agence-rennes-ouest-sarl-jm-motors
TransakAuto,Agence ROANNE,"71 IMPASSE CLÉMENT ADER, 42153 RIORGES",roanne@transakauto.com,04 84 84 47 84,https://annonces.transakauto.com/concessionnaire-voiture-occasion/agence-roanne
TransakAuto,Agence RODEZ,"566 RUE DE CANTARANNE, 12850 ONET-LE-CHATEAU",rodez@transakauto.com,07 60 23 49 83,https://annonces.transakauto.com/concessionnaire-voiture-occasion/agence-rodez
TransakAuto,Agence ROMANS SUR ISERE,"485 RUE DENIS PAPIN, 26750 ROMANS-SUR-ISERE",romans@transakauto.com,04 65 84 35 15,https://annonces.transakauto.com/concessionnaire-voiture-occasion/agence-romans-sur-isere
TransakAuto,Agence ROUEN,"CENTRE COMMERCIAL LES BOCQUETS, RUE D'UELZEN, 76230 BOIS-GUILLAUME",rouen@transakauto.com,02 35 36 86 70,https://annonces.transakauto.com/concessionnaire-voiture-occasion/agence-rouen
TransakAuto,Agence SAINT ETIENNE,"8/10 RUE GUSTAVE DELORY, 42000 SAINT-ETIENNE",saintetienne@transakauto.com,04 82 82 92 30,https://annonces.transakauto.com/concessionnaire-voiture-occasion/agence-saint-etienne
TransakAuto,Agence SAINT MAUR,"83 AVENUE VICTOR HUGO, 94100 ST MAUR DES FOSSEES",saintmaur@transakauto.com,06 08 92 24 61,https://annonces.transakauto.com/concessionnaire-voiture-occasion/agence-saint-maur
TransakAuto,Agence SAINT MAXIMIN,"41 RUE BENOIT FRACHON, 60740 SAINT-MAXIMIN",st-maximin@transakauto.com,06 83 23 18 07,https://annonces.transakauto.com/concessionnaire-voiture-occasion/agence-st-maximin-lpr-motors
TransakAuto,"Agence SAINT-ANDRE, REUNION","71 CHEMIN PENTE SASSY, 97440 SAINT-ANDRE",saint-andre@transakauto.com,06 93 94 92 96,https://annonces.transakauto.com/concessionnaire-voiture-occasion/agence-saint-andre
TransakAuto,Agence SAINT-BRIEUC,"61 BIS RUE DE PARIS, 22000 SAINT-BRIEUC",saintbrieuc@transakauto.com,06 81 37 93 92,https://annonces.transakauto.com/concessionnaire-voiture-occasion/agence-saint-brieuc
TransakAuto,"Agence SAINT-DENIS, REUNION","26 RUE GABRIEL DE KERVEGEN SAINT-DENIS, 97490 SAINT DENIS",saint-denis@transakauto.com,+262 693 43 59 94,https://annonces.transakauto.com/concessionnaire-voiture-occasion/agence-saint-denis-reunion
TransakAuto,Agence SAINT-DIZIER,"RUE PHILIPPE CHARBONNEAUX ZAC DU CHÊNE ST AMAND, 51200 SAINT DIZIER",saint-dizier@transakauto.com,06 15 60 33 31,https://annonces.transakauto.com/concessionnaire-voiture-occasion/agence-saint-dizier
TransakAuto,Agence SAINT-LO,"92 RUE KONRAD ADENAUER, 50000 SAINT-LÔ",saint-lo@transakauto.com,0233725013,https://annonces.transakauto.com/concessionnaire-voiture-occasion/agence-saint-lo
TransakAuto,Agence SAINT-LOUIS,"2 RUE DES MÉTIERS, 68220 HEGENHEIM",saint-louis@transakauto.com,03 89 67 18 79,https://annonces.transakauto.com/concessionnaire-voiture-occasion/agence-saint-louis
TransakAuto,Agence SAINT-MALO,"22 AVENUE DU GENERAL FERRIE, 35400 ST MALO",saint-malo@transakauto.com,06 83 92 39 28,https://annonces.transakauto.com/concessionnaire-voiture-occasion/agence-st-malo
TransakAuto,Agence SAINT-NAZAIRE,"3 RUE DENIS PAPIN, 44600 SAINT-NAZAIRE",saintnazaire@transakauto.com,02 40 42 06 50,https://annonces.transakauto.com/concessionnaire-voiture-occasion/agence-saint-nazaire
TransakAuto,Agence SAINT-QUENTIN,"5 RUE DACHERY, 2100 SAINT-QUENTIN",saintquentin@transakauto.com,06 09 82 94 38,https://annonces.transakauto.com/concessionnaire-voiture-occasion/agence-saint-quentin
TransakAuto,Agence SAINTES,"30 BIS RUE DES FOUGERES, 17100 SAINTES",saintes@transakauto.com,05 17 28 65 48,https://annonces.transakauto.com/concessionnaire-voiture-occasion/agence-saintes
TransakAuto,Agence SALLANCHES,"11 AVENUE DE LA LIBÉRATION, 74300 CLUSES",cluses-sallanches@transakauto.com,09 86 42 08 04,https://annonces.transakauto.com/concessionnaire-voiture-occasion/agence-sallanches
TransakAuto,Agence SARLAT,"81 AVENUE DE LA CANEDA, 24200 SARLAT-LA-CANEDA",sarlat@transakauto.com,05 53 28 04 59,https://annonces.transakauto.com/concessionnaire-voiture-occasion/agence-sarlat
TransakAuto,Agence SARTROUVILLE,"ZAC DES BOIS ROCHEFORT, 5 RUE GEORGES MELIES,, 95240 CORMEILLES-EN-PARISIS",sartrouville@transakauto.com,01 83 84 63 90,https://annonces.transakauto.com/concessionnaire-voiture-occasion/agence-sartrouville
TransakAuto,Agence SAUMUR,"ZAC DU CHAMP BLANCHARD, 4 ALLEE DE LA GAGNERIE, 49400 DISTRE",saumur@transakauto.com,02 53 93 05 82,https://annonces.transakauto.com/concessionnaire-voiture-occasion/agence-saumur
TransakAuto,Agence SECLIN,"235 RUE DE L'INDUSTRIE,, 59113 SECLIN",seclin@transakauto.com,06 71 64 29 70,https://annonces.transakauto.com/concessionnaire-voiture-occasion/agence-seclin
TransakAuto,Agence SENS,"30B RUE DE LA PÉPINIÈRE, 89100 SENS",sens@transakauto.com,03 58 15 58 29,https://annonces.transakauto.com/concessionnaire-voiture-occasion/agence-sens
TransakAuto,Agence SETE,"4 RUE DE L'EMBOSQUE, 34770 GIGEAN",sete@transakauto.com,04 99 02 06 26,https://annonces.transakauto.com/concessionnaire-voiture-occasion/agence-sete
TransakAuto,Agence STRASBOURG NORD,"13 RUE DU CHEMIN DE FER, 67450 LAMPERTHEIM",strasbourgnord@transakauto.com,03 69 61 25 59,https://annonces.transakauto.com/concessionnaire-voiture-occasion/agence-strasbourg-nord
TransakAuto,Agence TARBES,"22 AV. DE LOURDES,, 65310 ODOS",tarbes@transakauto.com,05 67 05 80 85,https://annonces.transakauto.com/concessionnaire-voiture-occasion/agence-tarbes
TransakAuto,Agence THIAIS,"15 RUE DES AUBÉPINES, 94310 ORLY",thiais@transakauto.com,06 83 35 41 69,https://annonces.transakauto.com/concessionnaire-voiture-occasion/agence-thiais
TransakAuto,Agence THIONVILLE,"32 RUE DU GENERAL PATTON, 57330 HETTANGE GRANDE",transakautothionville.tt.vente.bl@master-biz.io,03 65 67 06 11,https://annonces.transakauto.com/concessionnaire-voiture-occasion/agence-thionville
TransakAuto,Agence THONON-LES-BAINS,"300 RUE DU BRAFYEU ZI LES GRANDES TEPPES, 74550 PERRIGNIER",thonon-les-bains@transakauto.com,04 80 95 89 45,https://annonces.transakauto.com/concessionnaire-voiture-occasion/agence-thonon-les-bains
TransakAuto,Agence TOULON,"293 ROUTE DE LA SEYNE, 83190 OLLIOULES",toulon@transakauto.com,07 80 95 40 84,https://annonces.transakauto.com/concessionnaire-voiture-occasion/agence-toulon
TransakAuto,Agence TOULOUSE EST,"23 RUE D'HELIOS, 31240 L'UNION",toulouse.est@transakauto.com,06 86 37 79 79,https://annonces.transakauto.com/concessionnaire-voiture-occasion/agence-toulouse-est
TransakAuto,Agence TOULOUSE OUEST,"9 RUE GUINARD, 31820 PIBRAC",toulouse@transakauto.com,07 57 67 85 75,https://annonces.transakauto.com/concessionnaire-voiture-occasion/agence-toulouse
TransakAuto,Agence TOURCOING,"222 RUE DE LILLE, 59223 RONCQ",tourcoing@transakauto.com,07 63 04 84 85,https://annonces.transakauto.com/concessionnaire-voiture-occasion/agence-tourcoing
TransakAuto,Agence TOURS SUD,"102 BIS RUE DE L'HIPPODROME, 37170 CHAMBRAY LES TOURS",tours@transakauto.com,07 88 63 83 86,https://annonces.transakauto.com/concessionnaire-voiture-occasion/agence-tours
TransakAuto,Agence TROYES,"11 ROUTE DE GRANGE L'EVEQUE, 10180 SAINT LYE",troyes@transakauto.com,03 65 67 12 93,https://annonces.transakauto.com/concessionnaire-voiture-occasion/agence-troyes
TransakAuto,Agence VALENCE,"505 ALLÉE RENÉ HIGONNET, 26760 BEAUMONT-LES-VALENCE",valence@transakauto.com,04 82 32 91 61,https://annonces.transakauto.com/concessionnaire-voiture-occasion/agence-valence
TransakAuto,Agence VALENCIENNES,"75 RUE LAPLACE, 59494 PETITE FORET",valenciennes@transakauto.com,06 71 89 08 80,https://annonces.transakauto.com/concessionnaire-voiture-occasion/agence-valenciennes
TransakAuto,Agence VANNES,"22 RUE MARCEL DASSAULT, 56890 SAINT-AVE",vannes@transakauto.com,02 30 85 96 69,https://annonces.transakauto.com/concessionnaire-voiture-occasion/agence-vannes
TransakAuto,Agence VIENNE,"IMPASSE OPALE, ZA DU ROCHER, 38780 ESTRABLIN",vienne@transakauto.com,09 81 51 78 53,https://annonces.transakauto.com/concessionnaire-voiture-occasion/agence-vienne
TransakAuto,Agence VIERZON,"1 TER ZAC DE L'ORÉE DE SOLOGNE, 18100 VIERZON",vierzon@transakauto.com,06 37 84 49 23,https://annonces.transakauto.com/concessionnaire-voiture-occasion/agence-vierzon
TransakAuto,Agence VILLEFRANCHE SUR SAONE,"129 RUE DE LA FARNIERE, 69400 GLEIZE",villefranche69@transakauto.com,04 74 06 30 80,https://annonces.transakauto.com/concessionnaire-voiture-occasion/agence-villefranche-sur-saone
TransakAuto,Agence VILLEFRANCHE-DE-LAURAGAIS,"8 CHEMIN DU PASTEL, 31290 VILLEFRANCHE DE LAURAGAIS",villefranche@transakauto.com,06 71 85 15 36,https://annonces.transakauto.com/concessionnaire-voiture-occasion/agence-villefranche
TransakAuto,Agence VINCENNES,"38 RUE DE FONTENAY, 94300 VINCENNES",vincennes@transakauto.com,07 68 26 29 45,https://annonces.transakauto.com/concessionnaire-voiture-occasion/agence-vincennes
TransakAuto,Agence WISSOUS,"5 BIS RUE ANDRE DOLIMIER, 91320 WISSOUS",wissous@transakauto.com,01 88 83 07 50,https://annonces.transakauto.com/concessionnaire-voiture-occasion/agence-wissous
TransakAuto,Agence YVETOT,"1 IMPASSE DES RENARDS, 76190 SAINTE MARIE DES CHAMPS",yvetot@transakauto.com,02 78 08 91 47,https://annonces.transakauto.com/concessionnaire-voiture-occasion/agence-yvetot
AgenceAuto,aix-en-provence,"1 rue des Piboules - Lieu dit les Ribas RDC, 13770 Venelles",aixenprovence@agenceauto.com,,https://agenceauto.com/fr/fr/agences/aix-en-provence
AgenceAuto,ajaccio,,ajaccio@agenceauto.com,,https://agenceauto.com/fr/fr/agences/ajaccio
AgenceAuto,amiens,"1 Rue Emile Zola, 80480 Salouël",amiens@agenceauto.com,,https://agenceauto.com/fr/fr/agences/amiens
AgenceAuto,angers,"16 route d'Angers, 49124 Saint-Barthélemy-d",angers@agenceauto.com,,https://agenceauto.com/fr/fr/agences/angers
AgenceAuto,annecy,"6 Route de nanfray, 74960 Annecy",annecy@agenceauto.com,,https://agenceauto.com/fr/fr/agences/annecy
AgenceAuto,annemasse,"4 rue Germain Sommeiller, 74100 Annemasse",annemasse74@agenceauto.com,,https://agenceauto.com/fr/fr/agences/annemasse
AgenceAuto,athis-mons,"145 TER Avenue Jacques Chirac, 91200 Athis-Mons",athis-mons@agenceauto.com,,https://agenceauto.com/fr/fr/agences/athis-mons
AgenceAuto,barcelona,,barcelona@agenceauto.com,,https://agenceauto.com/fr/fr/agences/barcelona
AgenceAuto,belfort,"24 Bis rue du Général de Gaulle, 90400 Danjoutin",belfort@agenceauto.com,,https://agenceauto.com/fr/fr/agences/belfort
AgenceAuto,besancon-valentin,"23 Rue de la Gare, 25770 Serre-les-Sapins",besancon@agenceauto.com,,https://agenceauto.com/fr/fr/agences/besancon-valentin
AgenceAuto,biarritz-bab,"11 Rue Bazter - Zone de Lana, 64210 Bidart",bab@agenceauto.com,,https://agenceauto.com/fr/fr/agences/biarritz-bab
AgenceAuto,bordeaux-rive-droite,"9 Rue Du Carbouney, 33560 Carbon-Blanc",bordeauxrd@agenceauto.com,,https://agenceauto.com/fr/fr/agences/bordeaux-rive-droite
AgenceAuto,bourg-en-bresse,"1277 Avenue de Trévoux, 01000 Saint-Denis-lès-Bourg",bourgenbresse@agenceauto.com,,https://agenceauto.com/fr/fr/agences/bourg-en-bresse
AgenceAuto,brest,"163 Rue de Gouesnou, 29200 Brest",brest@agenceauto.com,,https://agenceauto.com/fr/fr/agences/brest
AgenceAuto,caen,,caen@agenceauto.com,,https://agenceauto.com/fr/fr/agences/caen
AgenceAuto,cergy-pontoise,"47 avenue des Genottes, 95800 Cergy Pontoise",cergypontoise@agenceauto.com,,https://agenceauto.com/fr/fr/agences/cergy-pontoise
AgenceAuto,chalon-sur-saone,"13 ALLÉE ROBERT BAUDOIN, 71380 Châtenoy-en-Bresse",chalonsursaone@agenceauto.com,,https://agenceauto.com/fr/fr/agences/chalon-sur-saone
AgenceAuto,chalons-en-champagne,"7 B Rue Clément Ader, 51470 Saint-Memmie",chalonsenchampagne@agenceauto.com,,https://agenceauto.com/fr/fr/agences/chalons-en-champagne
AgenceAuto,chateauroux,"185 Avenue d'Argenton, 36000 Châteauroux",chateauroux@agenceauto.com,,https://agenceauto.com/fr/fr/agences/chateauroux
AgenceAuto,chessy,"41 Avenue Thibaud de Champagne, 77700 Chessy",chessy@agenceauto.com,,https://agenceauto.com/fr/fr/agences/chessy
AgenceAuto,dax,"1245 AVENUE DE LA RESISTANCE, 40990 Saint-Paul-lès-Dax",dax@agenceauto.com,,https://agenceauto.com/fr/fr/agences/dax
AgenceAuto,dijon,"9 Rue Des Ardennes, 21000 Dijon",dijon@agenceauto.com,,https://agenceauto.com/fr/fr/agences/dijon
AgenceAuto,dole,"7 avenue du maréchal Juin, 39100 Dole",dole@agenceauto.com,,https://agenceauto.com/fr/fr/agences/dole
AgenceAuto,dunkerque,"22 Boulevard Louis XIV, 59640 DUNKERQUE",dunkerque@agenceauto.com,06 18 90 83 33,https://agenceauto.com/fr/fr/agences/dunkerque
AgenceAuto,epinal,"15 Avenue de Provence, 88000 Épinal",epinal@agenceauto.com,"03-45-18-13-81, 06-03-75-80-91, 06-22-99-68-87",https://agenceauto.com/fr/fr/agences/epinal
AgenceAuto,epone,"6 Chemin des Ardilles, 78680 Épône",epone@agenceauto.com,,https://agenceauto.com/fr/fr/agences/epone
AgenceAuto,grenoble,"441 Rue Charles de Gaulle, 38920 Crolles",grenoble@agenceauto.com,,https://agenceauto.com/fr/fr/agences/grenoble
AgenceAuto,gretz-armainvilliers,"26 Rue Gustave Eiffel - Zone Artisanale, 77220 Gretz-Armainvilliers",gretz@agenceauto.com,,https://agenceauto.com/fr/fr/agences/gretz-armainvilliers
AgenceAuto,guadeloupe,,guadeloupe@agenceauto.com,,https://agenceauto.com/fr/fr/agences/guadeloupe
AgenceAuto,hericourt,"6 Faubourg de Belfort ZAC en Salomon, 70400 Héricourt",hericourt@agenceauto.com,,https://agenceauto.com/fr/fr/agences/hericourt
AgenceAuto,la-croix-verte,"16 rue Jean Nicolas, 95560 Baillet-en-France",lacroixverte@agenceauto.com,,https://agenceauto.com/fr/fr/agences/la-croix-verte
AgenceAuto,lannion,"7 Boulevard de La Fayette, 22300 Lannion",lannion@agenceauto.com,07 87 10 20 64,https://agenceauto.com/fr/fr/agences/lannion
AgenceAuto,lille-seclin,"3 rue du Rouge Bouton, 59113 Seclin",lille-seclin@agenceauto.com,,https://agenceauto.com/fr/fr/agences/lille-seclin
AgenceAuto,limoges,"139 Rue de Bellac, 87100 Limoges",limoges@agenceauto.com,,https://agenceauto.com/fr/fr/agences/limoges
AgenceAuto,lisboa,,lisboa@agenceauto.com,,https://agenceauto.com/fr/fr/agences/lisboa
AgenceAuto,lons-le-saunier,"9 rue pré des dames, 39570 Montmorot",lons@agenceauto.com,,https://agenceauto.com/fr/fr/agences/lons-le-saunier
AgenceAuto,louhans,"11 RUE du 11 novembre, 71500 Louhans",louhans@agenceauto.com,,https://agenceauto.com/fr/fr/agences/louhans
AgenceAuto,lyon,"16 Avenue Rockefeller, 69008 Lyon 08",lyon@agenceauto.com,04.72.62.37.07,https://agenceauto.com/fr/fr/agences/lyon
AgenceAuto,lyon-nord,"206 Rue des Terres Bourdin - Innovespace Perica, 69140 RILLIEUX-LA-PAPE",lyonnord@agenceauto.com,,https://agenceauto.com/fr/fr/agences/lyon-nord
AgenceAuto,martinique,"94 PLATEAU ROY, 97233 Sch",jf.bundarra@agenceauto.com,,https://agenceauto.com/fr/fr/agences/martinique
AgenceAuto,metz,"54 AVENUE de Thionville, 57050 Metz",metz@agenceauto.com,,https://agenceauto.com/fr/fr/agences/metz
AgenceAuto,molsheim,,molsheim@agenceauto.com,,https://agenceauto.com/fr/fr/agences/molsheim
AgenceAuto,montauban,"385 Rue Des Lilas, 82800 Nègrepelisse",montauban@agenceauto.com,,https://agenceauto.com/fr/fr/agences/montauban
AgenceAuto,montbeliard,"25 Avenue de l'Europe, 25400 Audincourt",montbeliard@agenceauto.com,,https://agenceauto.com/fr/fr/agences/montbeliard
AgenceAuto,montceau-les-mines,"10 Avenue des Alouettes, 71300 Montceau-les-Mines",montceaulesmines@agenceauto.com,,https://agenceauto.com/fr/fr/agences/montceau-les-mines
AgenceAuto,montpellier-est,"176 avenue de la royale ZA les Coustelliers, 34160 Castries",montpellierest@agenceauto.com,,https://agenceauto.com/fr/fr/agences/montpellier-est
AgenceAuto,mulhouse,"24 Route Départementale 201 Zone Actipolis 1, 68390 Sausheim",contact@agenceauto.com,,https://agenceauto.com/fr/fr/agences/mulhouse
AgenceAuto,mulhouse-sud,"32 rue Paul Cézanne, 68200 Mulhouse",mulhouse-sud@agenceauto.com,,https://agenceauto.com/fr/fr/agences/mulhouse-sud
AgenceAuto,namur-nord-fernelmont,,namurnord@agenceauto.com,,https://agenceauto.com/fr/fr/agences/namur-nord-fernelmont
AgenceAuto,nancy,"10 Allée des Prunus, 54180 Houdemont",nancy@agenceauto.com,06 21 19 05 22,https://agenceauto.com/fr/fr/agences/nancy
AgenceAuto,nantes-sud-est,"10 rue de la communauté Parc d'activité de Viais, 44860 Pont-Saint-Martin",nantes-sud-est@agenceauto.com,,https://agenceauto.com/fr/fr/agences/nantes-sud-est
AgenceAuto,nevers,"53 rue Albert Camus, 58000 Nevers",nevers@agenceauto.com,,https://agenceauto.com/fr/fr/agences/nevers
AgenceAuto,nice,"119 avenue Simone Veil, 06200 Nice",nice@agenceauto.com,,https://agenceauto.com/fr/fr/agences/nice
AgenceAuto,nimes,"7 Rue de la grande terre, 30132 Caissargues",julien.rappin@agenceauto.com,,https://agenceauto.com/fr/fr/agences/nimes
AgenceAuto,nogent-le-rotrou,"2 Avenue du Maréchal Foch, 28400 Nogent-le-Rotrou",nogentlerotrou@agenceauto.com,,https://agenceauto.com/fr/fr/agences/nogent-le-rotrou
AgenceAuto,palaiseau,"5 Avenue du 1er Mai, 91120 Palaiseau",henri.oechslin@agenceauto.com,,https://agenceauto.com/fr/fr/agences/palaiseau
AgenceAuto,ploermel-1,,ploermel@agenceauto.com,,https://agenceauto.com/fr/fr/agences/ploermel-1
AgenceAuto,pont-audemer,,pont-audemer@agenceauto.com,,https://agenceauto.com/fr/fr/agences/pont-audemer
AgenceAuto,pont-leveque,,lisieux@agenceauto.com,,https://agenceauto.com/fr/fr/agences/pont-leveque
AgenceAuto,pontarlier,"1 rue de la Chaussée, 25300 Doubs",pontarlier@agenceauto.com,,https://agenceauto.com/fr/fr/agences/pontarlier
AgenceAuto,pornic,"60 Boulevard de Linz, 44210 Pornic",pornic@agenceauto.com,,https://agenceauto.com/fr/fr/agences/pornic
AgenceAuto,quimper,"474 Route de Bénodet, 29000 Quimper",quimper@agenceauto.com,,https://agenceauto.com/fr/fr/agences/quimper
AgenceAuto,rennes-nord,"6 Boulevard D'émeraude - Parking Poltronesofa, 35760 Montgermont",rennesnord@agenceauto.com,"02.99.54.96.05, 07.80.42.78.36",https://agenceauto.com/fr/fr/agences/rennes-nord
AgenceAuto,rodez,"21 rue Saint Firmin, 12850 Onet-le-Château",rodez@agenceauto.com,,https://agenceauto.com/fr/fr/agences/rodez
AgenceAuto,saint-brieuc,"56 RUE de Paris, 22000 Saint Brieuc",saintbrieuc@agenceauto.com,,https://agenceauto.com/fr/fr/agences/saint-brieuc
AgenceAuto,saint-louis,"57 rue du Loup, 68220 Hésingue",saintlouis@agenceauto.com,,https://agenceauto.com/fr/fr/agences/saint-louis
AgenceAuto,saint-quentin,"130 RUE DE PARIS, 02100 Saint-Quentin",st-quentin@agenceauto.com,,https://agenceauto.com/fr/fr/agences/saint-quentin
AgenceAuto,saint-die-des-vosges,"652 Rue d'Alsace, 88100 Sainte-Marguerite",saintdie@agenceauto.com,,https://agenceauto.com/fr/fr/agences/saint-die-des-vosges
AgenceAuto,saint-genis-pouilly,"15 rue louis et auguste lumière, 01630 Saint-Genis-Pouilly",ferney01@agenceauto.com,,https://agenceauto.com/fr/fr/agences/saint-genis-pouilly
AgenceAuto,saint-malo,"4 RUE du Fort, 35430 Saint-Père-Marc-En-Poulet",david.lagogue@agenceauto.com,,https://agenceauto.com/fr/fr/agences/saint-malo
AgenceAuto,selestat,"57 Route de Strasbourg, 67600 Sélestat",selestat@agenceauto.com,,https://agenceauto.com/fr/fr/agences/selestat
AgenceAuto,senlis,"47 rue du Général de Gaulle, 60700 Fleurines",senlis@agenceauto.com,,https://agenceauto.com/fr/fr/agences/senlis
AgenceAuto,sete,"4 QUAI Louis Pasteur, 34200 Sete",sete@agenceauto.com,,https://agenceauto.com/fr/fr/agences/sete
AgenceAuto,strasbourg-nord,"37 Route de Brumath, 67800 Hoenheim",strasbourgnord@agenceauto.com,,https://agenceauto.com/fr/fr/agences/strasbourg-nord
AgenceAuto,tignieu-jameyzieu,,samuel.dossantos@agenceauto.com,,https://agenceauto.com/fr/fr/agences/tignieu-jameyzieu
AgenceAuto,toulouse-fontenilles,"3 Impasse de Gascogne - ZA de l'Espèche, 31470 Fontenilles",fontenilles@agenceauto.com,,https://agenceauto.com/fr/fr/agences/toulouse-fontenilles
AgenceAuto,toulouse-nord,"2 allée de Longueterre, 31850 Montrabé",ivan.jeunang@agenceauto.com,,https://agenceauto.com/fr/fr/agences/toulouse-nord
AgenceAuto,toulouse-sud-est-labege,"71 Rue Ampère, 31670 Labège",walid.belkoussa@agenceauto.com,,https://agenceauto.com/fr/fr/agences/toulouse-sud-est-labege
AgenceAuto,tours,"9 rue Edouard Branly, 37170 Chambray-lès-Tours",tours@agenceauto.com,,https://agenceauto.com/fr/fr/agences/tours
AgenceAuto,troyes,"2 rue de Rome, 10300 Sainte-Savine",troyes@agenceauto.com,,https://agenceauto.com/fr/fr/agences/troyes
AgenceAuto,tulle,"1 Rue de la migration, 19000 Tulle",tulle@agenceauto.com,,https://agenceauto.com/fr/fr/agences/tulle
AgenceAuto,valenciennes,"225 Avenue de Denain, 59300 Valenciennes",valenciennes@agenceauto.com,,https://agenceauto.com/fr/fr/agences/valenciennes
AgenceAuto,vannes,"5 Avenue Président Franklin Roosevelt, 56000 Vannes",vannes@agenceauto.com,,https://agenceauto.com/fr/fr/agences/vannes
AgenceAuto,vernon,"5 Zone Artisanale de Toisy, 27620 Gasny",vernon@agenceauto.com,,https://agenceauto.com/fr/fr/agences/vernon
AgenceAuto,vesoul,"100 BOULEVARD DES ALLIES, 70000 Vesoul",vesoul@agenceauto.com,,https://agenceauto.com/fr/fr/agences/vesoul
AgenceAuto,viroflay,"150 Avenue du Général Leclerc, 78220 Viroflay",viroflay@agenceauto.com,"06 63 73 83 34, 06 76 50 27 12",https://agenceauto.com/fr/fr/agences/viroflay
AgenceAuto,wasquehal,"2 rue du centre, 59290 Wasquehal",villeneuvedascq@agenceauto.com,,https://agenceauto.com/fr/fr/agences/wasquehal
AgenceAuto,yerville,"115 Rue des laboureurs Zone d'activités du bois de l'arc, 76760 Yerville",yerville@agenceauto.com,,https://agenceauto.com/fr/fr/agences/yerville
Simplicicar,meximieux,"11 Imp. de la Leppe,
01800 Meximieux",,06 74 29 31 79,https://www.simplicicar.com/content/11-concession-meximieux
Simplicicar,soissons,"140 Rte de Reims,
02200 Billy sur Aisne",,03 60 71 99 46,https://www.simplicicar.com/content/100-concession-soissons
Simplicicar,vichy,"15 Bd d'Alsace Lorraine,
03300 Cusset",,06 80 17 39 95,https://www.simplicicar.com/content/103-concession-vichy
Simplicicar,cannes,"82 Av. Maréchal Juin,
06400 Cannes",,07 88 42 62 88,https://www.simplicicar.com/content/106-concession-cannes
Simplicicar,nice,"76 Av. des Baumettes,
06000 Nice",,"06 67 59 54 06, 09.2006-12.20",https://www.simplicicar.com/content/109-concession-nice
Simplicicar,pamiers,"262E rue André-Marie Ampère 
09120 Varilhes",,06 99 45 84 24,https://www.simplicicar.com/content/770-concession-pamiers
Simplicicar,troyes,"17 Rue des Valères,
10600 Barberey-Saint-Sulpice",,06 69 09 14 29,https://www.simplicicar.com/content/112-concession-troyes
Simplicicar,carcassonne,"70 All. Gilles de Roberval,
11000 Carcassonne",,06 87 76 85 66,https://www.simplicicar.com/content/115-concession-carcassonne
Simplicicar,narbonne,"24 Av. du Champ de Mars,
11100 Narbonne",,06 87 62 32 02,https://www.simplicicar.com/content/118-concession-narbonne
Simplicicar,rodez,"44 Rte de Sévérac,
12850 Onet-le-Château",,06 10 13 07 06,https://www.simplicicar.com/content/793-concession-rodez
Simplicicar,la-ciotat,"564 Av. des Rosiers,
13600 La Ciotat",,07 85 61 47 28,https://www.simplicicar.com/content/121-concession-la-ciotat
Simplicicar,marignane,"6 Voie de l'Irlande,
13127 Vitrolles",,07 49 28 83 19,https://www.simplicicar.com/content/124-concession-marignane
Simplicicar,salon,"335 Rue du Remoulaire,
13300 Salon-de-Provence",,06 99 05 59 07,https://www.simplicicar.com/content/128-concession-salon
Simplicicar,caen,"All. du Grand Clos ZA le,
14320 Saint-André-sur-Orne",,02 31 38 84 19,https://www.simplicicar.com/content/131-concession-caen
Simplicicar,royan,"17 Rue Gustave Eiffel,
17200 Saint-Sulpice-de-Royan",,05 46 36 83 85,https://www.simplicicar.com/content/134-concession-royan
Simplicicar,brive,"1 Rue Henri de Montherlant,
19360 Malemort",,05 55 74 91 53,https://www.simplicicar.com/content/137-concession-brive
Simplicicar,beaune,"170 ZA les Bruottees,
21200 Vignoles",,03 80 21 24 25,https://www.simplicicar.com/content/140-concession-beaune
Simplicicar,dijon,"1633 Rte de Gray,
21850 Saint-Apollinaire",,06 73 73 30 38,https://www.simplicicar.com/content/143-concession-dijon
Simplicicar,besancon,"1 Rue Robert Schuman,
25410 Saint-Vit",,03 81 51 42 01,https://www.simplicicar.com/content/146-concession-besancon
Simplicicar,pontarlier,"23 Rue Dr Jean Michel,
25300 Vuillecin",,03 70 88 67 20,https://www.simplicicar.com/content/149-concession-pontarlier
Simplicicar,valence,"93 Rue Léon Gaumont,
26000 Valence",,06 32 00 12 88,https://www.simplicicar.com/content/152-concession-valence
Simplicicar,evreux,"563 Rue Gay Lussac,
27000 Évreux",,06 59 23 67 07,https://www.simplicicar.com/content/155-concession-evreux
Simplicicar,vernon,"8 Av. Winston Churchill,
27200 Vernon",,06 65 72 60 34,https://www.simplicicar.com/content/158-concession-vernon
Simplicicar,brest,"5 Rue Eugène Bourdon,
29490 Guipavas",,06 23 73 32 06,https://www.simplicicar.com/content/161-concession-brest
Simplicicar,nimes,"200 Avenue Maurice Trintignant,
30900 Nîmes",,04 11 71 98 33,https://www.simplicicar.com/content/164-concession-nimes
Simplicicar,vauvert,"519 Av. Côté Soleil,
30600 Vauvert",,06 75 98 37 65,https://www.simplicicar.com/content/167-concession-vauvert
Simplicicar,https://www.simplicicar.com/content/170-oncession-st-gaudens,"24 Av. du Maréchal Foch,
31800 Labarthe-Rivière",,05 62 00 34 47,https://www.simplicicar.com/content/170-oncession-st-gaudens
Simplicicar,toulouse-nord,"109 Rte de Paris,
31150 Fenouillet",,07 60 69 14 14,https://www.simplicicar.com/content/173-concession-toulouse-nord
Simplicicar,toulouse-sud,"7 Bis Chem. des Moles,
31120 Pinsaguel",,06 68 49 61 87,https://www.simplicicar.com/content/176-concession-toulouse-sud
Simplicicar,merignac,"6 Avenue Andromède
33160 Saint-Médard-en-Jalles",,06 49 50 99 08,https://www.simplicicar.com/content/179-concession-merignac
Simplicicar,montpellier,"85 Rue Rosa Luxemburg,
34070 Montpellier",,07 69 60 41 64,https://www.simplicicar.com/content/182-concession-montpellier
Simplicicar,rennes,"Rue du Courtil,
35170 Bruz",,02 23 44 78 20,https://www.simplicicar.com/content/185-concession-rennes
Simplicicar,tours,"5 Les Cinq Arpents,
37250 Sorigny",,02 47 35 91 59,https://www.simplicicar.com/content/188-concession-tours
Simplicicar,nord-isere,"71 Route de Loyettes,
38230 Tignieu-Jameyzieu",,06 70 09 58 72,https://www.simplicicar.com/content/629-concession-nord-isere
Simplicicar,vienne,"85 Rte de la Sévenne,
38200 Vienne",,04 82 62 91 62,https://www.simplicicar.com/content/194-concession-vienne
Simplicicar,veauche,"5 Bis Rue Edouard Garet,
42160 Andrézieux-Bouthéon",,06 88 57 15 18,https://www.simplicicar.com/content/197-concession-veauche
Simplicicar,moto-veauche,"33 Ave de la Libération,
42340 Veauche",,06 67 51 20 24,https://www.simplicicar.com/content/615-concession-moto-veauche
Simplicicar,puy-en-velay,"354 Rue Jean-Baptiste Lamarck,
43700 Saint-Germain-Laprade",,"04.2008-12.20, 09 70 50 41 51",https://www.simplicicar.com/content/200-concession-puy-en-velay
Simplicicar,orleans,"Batiment 2,
45750 Saint-Pryvé-Saint-Mesmin",,06 71 92 39 61,https://www.simplicicar.com/content/203-concession-orleans
Simplicicar,angers,"12 Av. du Pin,
49070 Beaucouzé",,07 64 45 55 41,https://www.simplicicar.com/content/206-concession-angers
Simplicicar,reims,"152 Av. du Champ Paveau,
51430 Tinqueux",,06 71 20 84 60,https://www.simplicicar.com/content/209-concession-reims
Simplicicar,nancy,"1 Rue Théophraste Renaudot,
54180 Houdemont",,"06 32 60 22 97, 07.2010-02.20",https://www.simplicicar.com/content/212-concession-nancy
Simplicicar,lorient,"12 Rue Lavoisier,
56530 Quéven",,02 97 59 83 77,https://www.simplicicar.com/content/625-concession-lorient
Simplicicar,vannes,"12 Rue Duguay Trouin,
56450 Theix-Noyalo",,02 97 01 32 74,https://www.simplicicar.com/content/215-concession-vannes
Simplicicar,dunkerque,"252 Bis Rte du Chapeau Rouge,
59229 Téteghem-Coudekerque-Village",,06 11 77 33 33,https://www.simplicicar.com/content/218-concession-dunkerque
Simplicicar,lille,"33 rue Bernard Ruyant,
59110 La Madeleine",,03 20 77 44 79,https://www.simplicicar.com/content/221-concession-lille
Simplicicar,beauvais,"20 Av. Blaise Pascal,
60000 Beauvais",,06 85 56 32 45,https://www.simplicicar.com/content/224-concession-beauvais
Simplicicar,compiegne,"3 Rue Ferdinand de Lesseps,
60200 Compiègne",,03 74 47 49 19,https://www.simplicicar.com/content/227-concession-compiegne
Simplicicar,st-maximin,"Rue Albert Einstein,
60740 Saint-Maximin",,03 44 26 02 97,https://www.simplicicar.com/content/230-concession-st-maximin
Simplicicar,arras,"Av. d'Immercourt,
62223 Saint-Laurent-Blangy",,09 74 97 21 45,https://www.simplicicar.com/content/234-concession-arras
Simplicicar,saint-omer,"4 Rte de Blendecques,
62219 Longuenesse",,06 74 29 31 79,https://www.simplicicar.com/content/373-concession-saint-omer
Simplicicar,pau,"750 Rue de la Vall. d'Ossau,
64121 Serres-Castet",,05 59 02 90 76,https://www.simplicicar.com/content/237-concession-pau
Simplicicar,perpignan,"16 Rue du Paradis,
66200 Alénya",,09 78 80 70 05,https://www.simplicicar.com/content/240-concession-perpignan
Simplicicar,strasbourg,"1 Rue Bernard Stalter,
67114 Eschau",,06 42 79 24 91,https://www.simplicicar.com/content/243-concession-strasbourg
Simplicicar,colmar,"Rue du Parc,
68125 Houssen",,03 89 77 03 14,https://www.simplicicar.com/content/248-concession-colmar
Simplicicar,lyon-nord,"150 Rue Ampère,
69730 Genay",,06 80 81 52 31,https://www.simplicicar.com/content/251-concession-lyon-nord
Simplicicar,lyon-ouest,"7 Chem. de Sacuny,
69530 Brignais",,04 87 61 14 20,https://www.simplicicar.com/content/254-concession-lyon-ouest
Simplicicar,st-priest,"1 Avenue du Progrès
69800 Saint-Priest",,06 65 72 78 91,https://www.simplicicar.com/content/729-concession-st-priest
Simplicicar,la-fleche,"14 Av. de Verdun,
72200 La Flèche",,02 43 96 15 18,https://www.simplicicar.com/content/257-concession-la-fleche
Simplicicar,aix-les-bains,"400 Rue de l'Érier,
73290 La Motte-Servolex",,04 79 79 15 39,https://www.simplicicar.com/content/264-concession-aix-les-bains
Simplicicar,annecy,"27 Rte de Nanfray,
74960 Annecy",,04 28 38 59 98,https://www.simplicicar.com/content/267-concession-annecy
Simplicicar,genevois,"370 Ave des Jourdies
74800 Saint Pierre en Faucigny",,04 50 25 28 99,https://www.simplicicar.com/content/272-concession-genevois
Simplicicar,paris-15,"1 Vla Croix Nivert,
75015 Paris",,07 60 84 43 32,https://www.simplicicar.com/content/275-concession-paris-15
Simplicicar,paris-17eme,"95 Av. des Ternes,
75017 Paris",,01 40 68 76 10,https://www.simplicicar.com/content/278-concession-paris-17eme
Independant,https://www.lautomobileparis.fr/,,"contact@lautomobileparis.fr, mediateur@mediateur-mobilians.fr","+330189701011, 01 89 70 10 11, 09 70 68 04 60",https://www.lautomobileparis.fr/
Independant,https://www.carpole-occasions.fr/,,,"0353176696, 0535057855",https://www.carpole-occasions.fr/
Independant,https://www.daautosport.fr/details-depot+vente+par+un+professionnel+sur+lyon-536,,"devis@daautosport.com, leo@daautosport.com",04 69 00 14 45,https://www.daautosport.fr/details-depot+vente+par+un+professionnel+sur+lyon-536
Independant,https://www.tridentlyon.com/depot-vente-automobile/,,,"0189646000, 02 99 27 75 92, 06 11 45 09 89, 09 63 25 11 39",https://www.tridentlyon.com/depot-vente-automobile/
Independant,https://rd-motors.fr/depots-ventes/,,contact@rd-motors.fr,+33422916761,https://rd-motors.fr/depots-ventes/
Independant,https://lyon-autos-expo.fr/depot-vente/,,,"03 2002 2001, 04 74 67 56 27, 06 2005 2004, 09 2008 2007",https://lyon-autos-expo.fr/depot-vente/
Independant,https://www.motorstore-france.com/motorstore+depot+vente+d+automobiles+de+prestige+et+de+sport+a+marseille+13+dans+les+bouches-du-rhone-z223,,motorstorefrance@gmail.com,"+33601372109, 04 26 85 36 78, 07 77 37 62 75",https://www.motorstore-france.com/motorstore+depot+vente+d+automobiles+de+prestige+et+de+sport+a+marseille+13+dans+les+bouches-du-rhone-z223
Independant,https://www.buy-car-auto.fr/,,buyacarauto@hotmail.fr,"04 95 08 85 63, 06 20 01 88 12, 0834956001, 09 82 53 21 12",https://www.buy-car-auto.fr/
Independant,https://www.garagebriffaut.fr/,,contact@garagebriffaut.fr,"+33611516790, 04 26 85 08 19, 04 69 00 21 54",https://www.garagebriffaut.fr/
Independant,https://www.carstoulouse.fr/depot-vente-w1,,contact@carstoulouse.fr,+33540251513,https://www.carstoulouse.fr/depot-vente-w1
Independant,https://www.bf-automobiles.com/,,contact@bf-automobiles.com,05 61 34 15 04,https://www.bf-automobiles.com/
Independant,https://www.depotventeauto.fr/,,,+33540325195,https://www.depotventeauto.fr/
Independant,https://www.ac-youngtimer.fr/depot-vente,,contact@ac-youngtimer.fr,06.13.24.04.78,https://www.ac-youngtimer.fr/depot-vente
Independant,https://lille.viaautomobile.com/garage-depot-vente-lille,,,03 74 47 01 44,https://lille.viaautomobile.com/garage-depot-vente-lille
Independant,https://www.grandlilleauto.fr/,,grandlilleautos@gmail.com,"03-20-50-94-94, 0620509494",https://www.grandlilleauto.fr/
Independant,https://www.classic-cruising-automobile.com/depot-vente/c-28.html,,,06 14 01 43 85,https://www.classic-cruising-automobile.com/depot-vente/c-28.html
Independant,https://www.jbmotors.fr/prestations/depot-vente/,,,"+33240507656, 02 40 50 76 56, 0240507656",https://www.jbmotors.fr/prestations/depot-vente/
Independant,https://www.backcar.fr/agences/nantes,,,"06 56 69 70 40, 06 61 99 27 64, 06 64 19 94 54, 06 67 97 79 14, 07 54 35 67 47",https://www.backcar.fr/agences/nantes
Independant,https://dgselectcars.fr/depot-vente,,info@dgselectcars.com,"04 92 02 95 13, 04.92.02.95.13",https://dgselectcars.fr/depot-vente
Independant,https://cedric-vaslin.fr/achat+et+depot+vente+de+voiture+de+luxe+ancienne+et+prestige+a+nice+dans+les+alpes-maritimes-z10,,cedric@collection-privee-automobile.com,"""+33 6 20 52 02 40"", +33 6 20 52 02 40, 06 20 52 02 40",https://cedric-vaslin.fr/achat+et+depot+vente+de+voiture+de+luxe+ancienne+et+prestige+a+nice+dans+les+alpes-maritimes-z10
Independant,https://www.rachatvoituremontpellier.fr/activites-depot+vente+de+voiture+montpellier+herault-9,,conseiller@autostock-montpellier.fr,"+33426850796, 04 26 85 07 96",https://www.rachatvoituremontpellier.fr/activites-depot+vente+de+voiture+montpellier+herault-9
Independant,https://www.goupil-automobile.fr/,,contact@goupil-automobile.fr,"+33234882194, 02 34 88 21 94",https://www.goupil-automobile.fr/
Independant,https://www.carsncaux.fr/,,carsncaux@gmail.com,"+33666179345, 04.44.44.60.40, 06.66.17.93.45",https://www.carsncaux.fr/
Independant,https://www.prestigeautomobile.fr/depot-vente-w1,,sasprestigeautomobile@gmail.com,"+33244101689, 02 44 10 16 89",https://www.prestigeautomobile.fr/depot-vente-w1
Independant,https://rouen-nord.viaautomobile.com/via-automobile-rouen-nord-votre-garage-depot-vente,,,06 30 75 89 63,https://rouen-nord.viaautomobile.com/via-automobile-rouen-nord-votre-garage-depot-vente
Independant,https://strasbourg-ouest.viaautomobile.com/via-automobile-strasbourg-ouest-votre-garage-depot-vente,,,03 88 28 61 24,https://strasbourg-ouest.viaautomobile.com/via-automobile-strasbourg-ouest-votre-garage-depot-vente
JVVA,ANTONY,,antony@jevendsvotreauto.com,0845216000 (standard national),https://jevendsvotreauto.com/
JVVA,APPOIGNY,,appoigny@jevendsvotreauto.com,0845216000 (standard national),https://jevendsvotreauto.com/
JVVA,ARGELES,,argeles@jevendsvotreauto.com,0845216000 (standard national),https://jevendsvotreauto.com/
JVVA,ARLES,,arles@jevendsvotreauto.com,0845216000 (standard national),https://jevendsvotreauto.com/
JVVA,AUBAGNE,,aubagne@jevendsvotreauto.com,0845216000 (standard national),https://jevendsvotreauto.com/
JVVA,BASTIA,,bastia@jevendsvotreauto.com,0845216000 (standard national),https://jevendsvotreauto.com/
JVVA,BAYONNE,,bayonne@jevendsvotreauto.com,0845216000 (standard national),https://jevendsvotreauto.com/agence-de-bayonne/
JVVA,BEAUNE,,beaune@jevendsvotreauto.com,0845216000 (standard national),https://jevendsvotreauto.com/
JVVA,BERNAY,,bernay@jevendsvotreauto.com,0845216000 (standard national),https://jevendsvotreauto.com/
JVVA,BEZIERS,,beziers@jevendsvotreauto.com,0845216000 (standard national),https://jevendsvotreauto.com/agence-de-beziers/
JVVA,CLERMONT34,,clermont34@jevendsvotreauto.com,0845216000 (standard national),https://jevendsvotreauto.com/
JVVA,COLMAR,,colmar@jevendsvotreauto.com,0845216000 (standard national),https://jevendsvotreauto.com/
JVVA,DIJON,,dijon@jevendsvotreauto.com,0845216000 (standard national),https://jevendsvotreauto.com/
JVVA,LAROCHELLE,,larochelle@jevendsvotreauto.com,0845216000 (standard national),https://jevendsvotreauto.com/
JVVA,LENEUBOURG,,leneubourg@jevendsvotreauto.com,0845216000 (standard national),https://jevendsvotreauto.com/
JVVA,MELUN,,melun@jevendsvotreauto.com,0845216000 (standard national),https://jevendsvotreauto.com/agence-de-melun/
JVVA,MONTELIMAR,,montelimar@jevendsvotreauto.com,0845216000 (standard national),https://jevendsvotreauto.com/agence-de-montelimar/
JVVA,MONTPELLIER,,montpellier@jevendsvotreauto.com,0845216000 (standard national),https://jevendsvotreauto.com/agence-de-montpellier/
JVVA,MULHOUSE,,mulhouse@jevendsvotreauto.com,0845216000 (standard national),https://jevendsvotreauto.com/
JVVA,ROMANS,,romans@jevendsvotreauto.com,0845216000 (standard national),https://jevendsvotreauto.com/agence-de-romans/
JVVA,ROZAY,,rozay@jevendsvotreauto.com,0845216000 (standard national),https://jevendsvotreauto.com/
JVVA,SAINTES,,saintes@jevendsvotreauto.com,0845216000 (standard national),https://jevendsvotreauto.com/
JVVA,SAINTLAURENT,,saintlaurent@jevendsvotreauto.com,0845216000 (standard national),https://jevendsvotreauto.com/
JVVA,SALLANCHES,,sallanches@jevendsvotreauto.com,0845216000 (standard national),https://jevendsvotreauto.com/
JVVA,SANTENY,,santeny@jevendsvotreauto.com,0845216000 (standard national),https://jevendsvotreauto.com/agence-de-santeny/
JVVA,TOULOUSE,,toulouse@jevendsvotreauto.com,0845216000 (standard national),https://jevendsvotreauto.com/
JVVA,TOURVILLE,,tourville@jevendsvotreauto.com,0845216000 (standard national),https://jevendsvotreauto.com/agence-de-tourville-la-riviere/
JVVA,VALENCE,,valence@jevendsvotreauto.com,0845216000 (standard national),https://jevendsvotreauto.com/agence-de-valence/
AuvergneCentralAuto,Clermont-Ferrand,,,"04 73 14 20 24, 06 69 15 99 58",https://www.auvergne-central-auto.fr/depot-vente/
LeLoftAuto,Rennes,,contact@leloftauto.fr,06.70.37.41.86,https://leloftauto.fr/
MRMAuto,Rennes,,contact@mrmauto.fr,02 23 27 91 38,https://www.mrmauto.fr/
RennesAutomobiles,Rennes,,,"02 23 46 43 93, 02 99 54 26 21",https://www.rennesautomobiles.com/
THAutomobiles,,,,"02 55 99 50 25, 06 74 49 53 27",https://www.thautomobiles.fr/
