url,nom,adresse,email,telephone
https://bobocar.fr/achat-depot-vente-de-voiture-occasion-a-paris/,,,,
https://www.depotventeauto.com/,,,,
https://www.lautomobileparis.fr/,,,"contact@lautomobileparis.fr, mediateur@mediateur-mobilians.fr","+330189701011, 01 89 70 10 11, 09 70 68 04 60"
https://www.carpole-occasions.fr/,,,,"0353176696, 0535057855"
https://www.daautosport.fr/details-depot+vente+par+un+professionnel+sur+lyon-536,,,"devis@daautosport.com, leo@daautosport.com",04 69 00 14 45
https://www.tridentlyon.com/depot-vente-automobile/,,,,"0189646000, 02 99 27 75 92, 06 11 45 09 89, 09 63 25 11 39"
https://rd-motors.fr/depots-ventes/,,,contact@rd-motors.fr,+33422916761
https://lyon-autos-expo.fr/depot-vente/,,,,"03 2002 2001, 04 74 67 56 27, 06 2005 2004, 09 2008 2007"
https://www.lautomobilelyon.com/depot-vente,,,,
https://www.motorstore-france.com/motorstore+depot+vente+d+automobiles+de+prestige+et+de+sport+a+marseille+13+dans+les+bouches-du-rhone-z223,,,motorstorefrance@gmail.com,"+33601372109, 04 26 85 36 78, 07 77 37 62 75"
https://www.vintagetransakauto.com/,,,,
https://www.buy-car-auto.fr/,,,buyacarauto@hotmail.fr,"04 95 08 85 63, 06 20 01 88 12, 0834956001, 09 82 53 21 12"
https://www.garagebriffaut.fr/,,,contact@garagebriffaut.fr,"+33611516790, 04 26 85 08 19, 04 69 00 21 54"
https://www.carstoulouse.fr/depot-vente-w1,,,contact@carstoulouse.fr,+33540251513
https://www.bf-automobiles.com/,,,contact@bf-automobiles.com,05 61 34 15 04
https://www.depotventeauto.fr/,,,,+33540325195
https://www.ac-youngtimer.fr/depot-vente,,,contact@ac-youngtimer.fr,06.13.24.04.78
https://lille.viaautomobile.com/garage-depot-vente-lille,,,,03 74 47 01 44
https://www.grandlilleauto.fr/,,,grandlilleautos@gmail.com,"03-20-50-94-94, 0620509494"
https://www.classic-cruising-automobile.com/depot-vente/c-28.html,,,,06 14 01 43 85
