agence,ville,adresse,code_postal,email,telephone,url,region
Agence ABBEVILLE,ABBEVILLE,16 ROUTE D'HESDIN,80100,abbeville@transakauto.com,06 88 45 86 61,https://annonces.transakauto.com/concessionnaire-voiture-occasion/agence-abbeville,Hauts-de-France
Agence AGEN,LAYRAC,356 ZAC LA ROUBIAGUE,47390,agen@transakauto.com,05 35 55 94 20,https://annonces.transakauto.com/concessionnaire-voiture-occasion/agence-agen,Occitanie
Agence AIX EN PROVENCE NORD,VENELLES,2 AVENUE MADELEINE BONNAUD,13770,aixenprovencenord@transakauto.com,06 82 75 07 12,https://annonces.transakauto.com/concessionnaire-voiture-occasion/agence-aix-en-provence-nord,Provence-Alpes-Côte d'Azur
Agence AIX EN PROVENCE SUD,AIX-EN-PROVENCE,"55 RUE LOUIS ARMAND, POLE D'ACTIVITÉ DES MILLES",13290,aixenprovencesud@transakauto.com,06 26 33 48 82,https://annonces.transakauto.com/concessionnaire-voiture-occasion/agence-aix-en-provence-sud,Provence-Alpes-Côte d'Azur
Agence ALBERTVILLE,ALBERTVILLE,870 AVENUE JOSEPH FONTANET,73200,albertville@transakauto.com,04 79 85 22 83,https://annonces.transakauto.com/concessionnaire-voiture-occasion/agence-albertville,Auvergne-Rhône-Alpes
Agence ALBI,PUYGOUZON,91 ROUTE DE CASTRES,81990,albi@transakauto.com,05 63 43 45 12,https://annonces.transakauto.com/concessionnaire-voiture-occasion/agence-albi,Occitanie
Agence ALENCON,ALENCON,84 RUE DE BRETAGNE,61000,alencon@transakauto.com,02 59 16 18 24,https://annonces.transakauto.com/concessionnaire-voiture-occasion/agence-alencon,Normandie
Agence ALES,BAGARD,1281 ROUTE D'ALES,30140,ales@transakauto.com,04 66 56 15 17,https://annonces.transakauto.com/concessionnaire-voiture-occasion/agence-ales,Occitanie
Agence AMIENS,SAINT-SAUVEUR,94 CHAMP L'ENGUILLON,80470,tskamiens@gmail.com,06 33 82 22 68,https://annonces.transakauto.com/concessionnaire-voiture-occasion/agence-amiens,Hauts-de-France
Agence ANCENIS,ANCENIS SAINT GERON,"ZI DE L'AUFRESNES, 46 RUE ANDRE AMPERE",44150,ancenis@transakauto.com,07 62 18 56 55,https://annonces.transakauto.com/concessionnaire-voiture-occasion/agence-ancenis,Pays de la Loire
Agence ANGERS,ANGERS,216 PASSAGE DES BANCHAIS,49100,angers@transakauto.com,07 45 29 77 94,https://annonces.transakauto.com/concessionnaire-voiture-occasion/agence-angers,Pays de la Loire
Agence ANGLET,ANGLET,14 RUE DE L'INDUSTRIE,64600,anglet@transakauto.com,05 59 74 15 78,https://annonces.transakauto.com/concessionnaire-voiture-occasion/agence-anglet,Nouvelle-Aquitaine
Agence ANNECY,POISY,140 RUE DE NOVUS PARC,74330,annecy@transakauto.com,04 65 84 84 79,https://annonces.transakauto.com/concessionnaire-voiture-occasion/agence-annecy,Auvergne-Rhône-Alpes
Agence ANNEMASSE,VETRAZ MONTHOUX,38 CHEMIN DES FONTAINES,74100,annemasse@transakauto.com,04 50 74 31 20,https://annonces.transakauto.com/concessionnaire-voiture-occasion/agence-annemasse,Auvergne-Rhône-Alpes
Agence ANTHON,CHAVANOZ,25 ROUTE DE BELMONT,38230,anthon@transakauto.com,06 88 50 52 98,https://annonces.transakauto.com/concessionnaire-voiture-occasion/agence-anthon,Auvergne-Rhône-Alpes
Agence ANTIBES,ANTIBES,104 ROUTE DE LA BADINE,06600,antibes@transakauto.com,04 93 61 62 12,https://annonces.transakauto.com/concessionnaire-voiture-occasion/agence-antibes,Provence-Alpes-Côte d'Azur
Agence ARCACHON,LE TEICH,"4 AVENUE DE L'ELLIPSE, ZONE TECHNOPARC",33470,arcachon@transakauto.com,05 29 19 34 85,https://annonces.transakauto.com/concessionnaire-voiture-occasion/agence-arcachon,Nouvelle-Aquitaine
Agence ARLES,ARLES,18 CHEMIN DU TROU DE FOURQUES,13200,arles@transakauto.com,04 90 96 06 44,https://annonces.transakauto.com/concessionnaire-voiture-occasion/agence-arles,Provence-Alpes-Côte d'Azur
Agence ARRAS,SAINT-LAURENT-BLANGY,3 RUE KEPLER CRÉARTOIS,62223,arras@transakauto.com,03 21 23 65 31,https://annonces.transakauto.com/concessionnaire-voiture-occasion/agence-arras,Hauts-de-France
Agence AUCH,AUCH,82 ROUTE D'AGEN,32000,auch@transakauto.com,06 85 79 80 59,https://annonces.transakauto.com/concessionnaire-voiture-occasion/agence-auch,Nouvelle-Aquitaine
Agence AUXERRE,CHAMPS SUR YONNE,RUE ROBERT RACLOT,89290,auxerre@transakauto.com,03 86 52 19 99,https://annonces.transakauto.com/concessionnaire-voiture-occasion/agence-auxerre,Bourgogne-Franche-Comté
Agence AVIGNON,AVIGNON,2100 ROUTE DES MORIERES,84000,avignonsud@transakauto.com,04 90 27 16 32,https://annonces.transakauto.com/concessionnaire-voiture-occasion/agence-avignon,Provence-Alpes-Côte d'Azur
Agence BASTIA,BASTIA,78 rue Pierre Cahuzac,20600,bastia@transakauto.com,0458284194,https://annonces.transakauto.com/concessionnaire-voiture-occasion/agence-bastia,Corse
Agence BEAUVAIS,BEAUVAIS,26 AVENUE SALVADOR ALLENDE,60000,tskbeauvais@gmail.com,03 65 65 92 35,https://annonces.transakauto.com/concessionnaire-voiture-occasion/agence-beauvais,Hauts-de-France
Agence BEGARD,BEGARD,ZA DE COAT YEN,22140,guingamp@transakauto.com,02 96 13 72 59,https://annonces.transakauto.com/concessionnaire-voiture-occasion/agence-guingamp,Bretagne
Agence BERGERAC,CREYSSE,66 AVENUE DE LA ROQUE,24100,bergerac@transakauto.com,05 53 23 69 97,https://annonces.transakauto.com/concessionnaire-voiture-occasion/agence-bergerac,Nouvelle-Aquitaine
Agence BESANCON,BESANCON,17 AVENUE DU COMMANDANT MARCEAU,25000,besancon@transakauto.com,07 84 08 86 65,https://annonces.transakauto.com/concessionnaire-voiture-occasion/agence-besancon,Bourgogne-Franche-Comté
Agence BETHUNE,BRUAY-LA-BUISSIERE,501 RUE ERIC TABARLY,62700,bethune@transakauto.com,06 89 16 87 29,https://annonces.transakauto.com/concessionnaire-voiture-occasion/agence-bethune,Hauts-de-France
Agence BEZIERS,COLOMBIERS,7 RUE DES ANCIENNES CARRIERES,34400,beziers@transakauto.com,09 51 98 29 85,https://annonces.transakauto.com/concessionnaire-voiture-occasion/agence-beziers,Occitanie
Agence BIDART &#8211; SAINT-JEAN-DE-LUZ,BIDART,70 RUE DU BASSILOUR,64210,bidart@transakauto.com,06 70 66 68 54,https://annonces.transakauto.com/concessionnaire-voiture-occasion/agence-bidart,Nouvelle-Aquitaine
Agence BLOIS,LA CHAUSSEE SAINT-VICTOR,24 E ROUTE NATIONAL,41260,blois@transakauto.com,02 54 46 32 38,https://annonces.transakauto.com/concessionnaire-voiture-occasion/agence-blois,Centre-Val de Loire
Agence BOLLENE,SAINT-PAUL-TROIS-CHATEAUX,1615 CHEMIN DE LA DECELLE,26130,bollene@transakauto.com,04 28 95 16 90,https://annonces.transakauto.com/concessionnaire-voiture-occasion/agence-bollene,Provence-Alpes-Côte d'Azur
Agence BORDEAUX EYSINES,EYSINES,50 AVENUE RENÉ ANTOUNE,33320,bordeaux@transakauto.com,05 33 51 13 89,https://annonces.transakauto.com/concessionnaire-voiture-occasion/agence-bordeaux-eysines,Nouvelle-Aquitaine
Agence BORDEAUX RIVE DROITE,CARBON-BLANC,3 RUE DES FRERES LUMIERES,33560,bordeaux.rivedroite@transakauto.com,09 87 44 17 84,https://annonces.transakauto.com/concessionnaire-voiture-occasion/agence-bordeaux-rive-droite,Nouvelle-Aquitaine
Agence BOURG-EN-BRESSE,VIRIAT,482 RUE DU CALIDON,1440,lcauto@transacautos.com,06 58 61 63 83,https://annonces.transakauto.com/concessionnaire-voiture-occasion/agence-bourg-en-bresse,Auvergne-Rhône-Alpes
Agence BOURGES,SAINT DOULCHARD BOURGES,101/111 RUE DE LA GARENNE,18230,bourges@transakauto.com,02 48 02 21 05,https://annonces.transakauto.com/concessionnaire-voiture-occasion/agence-bourges,Centre-Val de Loire
Agence BOURGOIN-JAILLEU,BOURGOIN-JALLIEU,225 AVENUE DES MARRONNIERS,38300,bourgoin@transakauto.com,04 37 03 32 68,https://annonces.transakauto.com/concessionnaire-voiture-occasion/agence-bourgoin,Auvergne-Rhône-Alpes
Agence BREST,GOUESNOU,14 AVENUE BARON LACROSSE,29850,brest@transakauto.com,02 98 04 64 51,https://annonces.transakauto.com/concessionnaire-voiture-occasion/agence-brest,Bretagne
Agence BRIE-COMTE-ROBERT,BRIE-COMTE-ROBERT,2 ALLÉE FRANCOIS ARAGO,77170,briecomterobert@transakauto.com,01 83 88 92 87,https://annonces.transakauto.com/concessionnaire-voiture-occasion/agence-brie-comte-robert,Ile-de-France
Agence BRIGNOLES,CAMPS LA SOURCE,ZA DES CAVIERES,83170,brignoles@transakauto.com,06 66 65 81 72,https://annonces.transakauto.com/concessionnaire-voiture-occasion/agence-brignoles,Provence-Alpes-Côte d'Azur
Agence BRIVE-LA-GAILLARDE,Malemort,1 Av. de la libération,19360,brivelagaillarde@transakauto.com,06 60 51 09 65,https://annonces.transakauto.com/concessionnaire-voiture-occasion/agence-brive-la-gaillarde,Nouvelle-Aquitaine
"Agence BRUXELLES, BELGIQUE",BRUXELLES,"RUE LEOPOLD 1ER, 181",1020,bruxelles@transakauto.com,32 451 01 21 92,https://annonces.transakauto.com/concessionnaire-voiture-occasion/agence-bruxelles,Belgique
Agence CADAUJAC,CADAUJAC,482 RUE DU COURDOUNEY,33140,cadaujac@transakauto.com,09 88 55 28 09,https://annonces.transakauto.com/concessionnaire-voiture-occasion/agence-cadaujac,Nouvelle-Aquitaine
Agence CAEN,COLOMBELLES,8 RUE DU FOUR A CHAUX ZONE LAZARRO 3,14460,caen@transakauto.com,02 31 72 00 98,https://annonces.transakauto.com/concessionnaire-voiture-occasion/agence-caen,Normandie
Agence CAHORS,CAHORS,"9 CHEM. DU PONT DE CAMPAGNE,",46000,cahors@transakauto.com,05 65 21 04 58,https://annonces.transakauto.com/concessionnaire-voiture-occasion/agence-cahors,Occitanie
Agence CALUIRE-ET-CUIRE,LA TOUR DE SALAGNY,"84, AVENUE DE LA POTERIE",69890,tsklyonnord@intermediaireauto.com,04 81 91 92 25,https://annonces.transakauto.com/concessionnaire-voiture-occasion/agence-lyon-nord,Auvergne-Rhône-Alpes
Agence CAMBRAI,CAMBRAI,24 RUE DES CHAUDRONNIERS,59400,cambrai@transakauto.com,03 27 74 11 38,https://annonces.transakauto.com/concessionnaire-voiture-occasion/agence-cambrai,Hauts-de-France
Agence CANNES,LE CANNET,1018 AVENUE DU CAMPON,6110,cannes06@transakauto.com,04 65 84 19 13,https://annonces.transakauto.com/concessionnaire-voiture-occasion/agence-cannes,Provence-Alpes-Côte d'Azur
Agence CAPBRETON,LABENNE,153 ZA DU HOUSQUIT,40530,capbreton@transakauto.com,07 89 23 94 65,https://annonces.transakauto.com/concessionnaire-voiture-occasion/agence-capbreton,Nouvelle-Aquitaine
Agence CARCASSONNE,CARCASSONNE,8 RUE JEAN ANTOINE CHAPTAL,11000,carcassonne@transakauto.com,06 65 13 61 21,https://annonces.transakauto.com/concessionnaire-voiture-occasion/agence-carcassonne,Occitanie
Agence CASTRES,SOUAL,24 IMPASSE LOUIS AMPERE,81580,castres@transakauto.com,09 86 42 66 89,https://annonces.transakauto.com/concessionnaire-voiture-occasion/agence-castres,Occitanie
Agence CERGY,ENNERY,4 RUE HEINRICH HERTZ,95300,cergy@transakauto.com,06 33 75 04 36,https://annonces.transakauto.com/concessionnaire-voiture-occasion/agence-cergy,Ile-de-France
Agence CHALLANS,CHALLANS,10 RUE LE CORBUSIER,85300,challans@transakauto.com,02 51 55 74 84,https://annonces.transakauto.com/concessionnaire-voiture-occasion/agence-challans,Pays de la Loire
Agence CHALON-SUR-SAONE,CHATENOY-LE-ROYAL,3 RUE GABRIEL LIPPMANN,71880,chalon-sur-saone@transakauto.com,0385411985,https://annonces.transakauto.com/concessionnaire-voiture-occasion/agence-chalon-sur-saone,Bourgogne-Franche-Comté
Agence CHAMBERY,CHAMBERY,2577 AVENUE DES LANDIERS,73000,chambery@transakauto.com,04 80 81 95 28,https://annonces.transakauto.com/concessionnaire-voiture-occasion/agence-chambery,Auvergne-Rhône-Alpes
Agence CHAMBOURCY,MORAINVILLIERS ,68 RUE DE LA CROIX DE L’ORME   ,78630,chambourcy@transakauto.com,0139192766,https://annonces.transakauto.com/concessionnaire-voiture-occasion/agence-chambourcy,Ile-de-France
Agence CHARTRES,LUISANT,9 RUE DES CHÊNES,26800,chartres@transakauto.com,06 49 50 38 62,https://annonces.transakauto.com/concessionnaire-voiture-occasion/agence-chartres,Centre-Val de Loire
Agence CHATEAUBRIANT,CHATEAUBRIANT,8 RUE MARTIN LUTHER KING,44110,chateaubriant@transakauto.com,02 53 35 01 50,https://annonces.transakauto.com/concessionnaire-voiture-occasion/agence-chateaubriant,Pays de la Loire
Agence CHATEAUROUX,CHATEAUROUX,152 AV. DE LA CHÂTRE,36000,chateauroux@transakauto.com,02 54 07 15 59,https://annonces.transakauto.com/concessionnaire-voiture-occasion/agence-chateauroux,Centre-Val de Loire
Agence CHELLES,BROU SUR CHANTEREINE,28 AVENUE JEAN JAURES,77177,chelles@transakauto.com,01 64 11 09 57,https://annonces.transakauto.com/concessionnaire-voiture-occasion/agence-chelles,Ile-de-France
Agence CHERBOURG-EN-COTENTIN,CHERBOURG EN COTENTIN,1 RUE DE BATAVIA,50100,cherbourg@transakauto.com,02 61 81 87 57,https://annonces.transakauto.com/concessionnaire-voiture-occasion/agence-cherbourg-en-cotentin,Normandie
Agence CHOLET,CHOLET,99 D RUE PIERRE GILLES DE GENNES,49300,cholet@transakauto.com,07 43 01 09 62,https://annonces.transakauto.com/concessionnaire-voiture-occasion/agence-cholet,Pays de la Loire
Agence CLERMONT FERRAND SUD,AUBIÈRE,8 AV. JEAN CURABET,63170,clermont-ferrandsud@transakauto.com,04 73 14 00 83,https://annonces.transakauto.com/concessionnaire-voiture-occasion/agence-clermont-ferrand-sud,Auvergne-Rhône-Alpes
Agence COMPIEGNE,JAUX,364 AVENUE JEAN MOULIN,60880,compiegne@transakauto.com,03 44 23 89 83,https://annonces.transakauto.com/concessionnaire-voiture-occasion/agence-compiegne,Hauts-de-France
Agence CONFLANS-SAINTE-HONORINE,CONFLANS-SAINTE-HONORINE,245 RUE DE L'AMBASSADEUR,78700,conflans@transakauto.com,06 15 55 31 66,https://annonces.transakauto.com/concessionnaire-voiture-occasion/agence-conflans-sainte-honorine,Ile-de-France
Agence DAMMARTIN EN GOELE,LAGNY LE SEC,2 ROUTE DE PARIS,60330,dammartin-en-goele@transakauto.com,06 66 08 99 82,https://annonces.transakauto.com/concessionnaire-voiture-occasion/agence-dammartin-en-goele-sas-izauto,Ile-de-France
Agence DAVEZIEUX,DAVÉZIEUX,130 RUE DU MAS,74300,annonay@transakauto.com,09 88 07 81 92,https://annonces.transakauto.com/concessionnaire-voiture-occasion/agence-davezieux,Auvergne-Rhône-Alpes
Agence DAX,NARROSSE,901 ROUTES DES PYRÉNÉES,40180,dax@transakauto.com,05 25 26 12 13,https://annonces.transakauto.com/concessionnaire-voiture-occasion/agence-dax,Nouvelle-Aquitaine
Agence DEAUVILLE,PONT L'EVEQUE,1 RUE PASTEUR,14130,deauville@transakauto.com,06 09 41 91 76,https://annonces.transakauto.com/concessionnaire-voiture-occasion/agence-deauville,Normandie
Agence DIEPPE,DIEPPE,55 AVENUE VAUBAN,76200,dieppe@transakauto.com,06 23 21 57 93,https://annonces.transakauto.com/concessionnaire-voiture-occasion/agence-dieppe,Normandie
Agence DIJON,QUETIGNY,6 IMPASSE DES BOUSSENOTS,21800,dijon@transakauto.com,03 80 23 63 62,https://annonces.transakauto.com/concessionnaire-voiture-occasion/agence-dijon,Bourgogne-Franche-Comté
Agence DOUAI,CUINCY,965 RUE DU FAUBOURG D'ESQUERCHIN,59553,douai@transakauto.com,06 42 71 37 49,https://annonces.transakauto.com/concessionnaire-voiture-occasion/agence-douai,Hauts-de-France
Agence DRAGUIGNAN,LE MUY,76 IMPASSE DES TOURTERELLES ZAC DES FERRIERES,83490,draguignan@transakauto.com,04 89 25 08 07,https://annonces.transakauto.com/concessionnaire-voiture-occasion/agence-draguignan,Provence-Alpes-Côte d'Azur
Agence DREUX,DREUX,30 RUE ANDRE RAVALEE,28100,dreux@transakauto.com,02 59 16 19 18,https://annonces.transakauto.com/concessionnaire-voiture-occasion/agence-dreux,Centre-Val de Loire
Agence DUNKERQUE,CAPPELLE-LA-GRANDE,20 RUE DU COMMERCE,59180,dunkerque@transakauto.com,06 68 13 57 85,https://annonces.transakauto.com/concessionnaire-voiture-occasion/agence-dunkerque,Hauts-de-France
Agence EAUNES,EAUNES,8 BOULEVARD DE LA LEZE,31600,eaunes@transakauto.com,05 61 76 50 48,https://annonces.transakauto.com/concessionnaire-voiture-occasion/agence-eaunes,Occitanie
Agence ELBEUF,CLEON,54 RUE RAYMOND SOUDAY,76410,elbeuf@transakauto.com,02 78 08 80 69,https://annonces.transakauto.com/concessionnaire-voiture-occasion/agence-elbeuf,Normandie
Agence ENGHIEN-LES-BAINS,ENGHIEN-LES-BAINS,20 RUE PASTEUR,95880,enghienlesbains@transakauto.com,06 34 66 32 59,https://annonces.transakauto.com/concessionnaire-voiture-occasion/agence-enghien-les-bains,Ile-de-France
Agence EPINAL,GOLBEY,17 A IMPASSE DU BOVIDUC,88190,epinal@transakauto.com,03 29 37 82 40,https://annonces.transakauto.com/concessionnaire-voiture-occasion/agence-epinal,Grand Est
Agence ETAMPES,BRIERES-LES-SCELLES,"41 RUE DE LA CROIX BOISSEE,",91150,etampes@transakauto.com,06 25 50 91 08,https://annonces.transakauto.com/concessionnaire-voiture-occasion/agence-antibes,Ile-de-France
"Agence ETANG-SALE, REUNION",ETANG-SALE,AVENUE MICHEL DEBRE ZONE DES SABLES,97427,etang-sale@transakauto.com,06 93 01 81 85,https://annonces.transakauto.com/concessionnaire-voiture-occasion/agence-etang-sale-la-reunion,La Réunion
Agence EVREUX,AGERVILLE LA CAMPAGNE,28 ROUTE DE MELLEVILLE,27930,evreux@transakauto.com,02 32 23 52 87,https://annonces.transakauto.com/concessionnaire-voiture-occasion/agence-evreux,Normandie
Agence FLERS,SAINT-GEORGES-DES-GROSEILLERS,31 AVENUE DE LA SUISSE NORMANDE,61100,flers@transakauto.com,02 59 15 25 31,https://annonces.transakauto.com/concessionnaire-voiture-occasion/agence-flers,Normandie
Agence FONTAINEBLEAU,MORET LOING ET ORVANNE,1 RUE MONTCHAVANT,77250,fontainebleau@transakauto.com,01 83 88 95 50,https://annonces.transakauto.com/concessionnaire-voiture-occasion/agence-fontainebleau,Ile-de-France
Agence FRONTON,GRISOLLES,7 RUE SERGE GRANIÉ,82170,fronton@transakauto.com,05 82 81 94 98,https://annonces.transakauto.com/concessionnaire-voiture-occasion/agence-fronton,Occitanie
Agence GAP,GAP,8 RUE DES COMPAGNONS ZONE FAUVINS 2,5000,gap@transakauto.com,07 59 65 22 90,https://annonces.transakauto.com/concessionnaire-voiture-occasion/agence-gap,Auvergne-Rhône-Alpes
Agence GEX,SAINT-GENIS-POUILLY,70 RUE LOUIS ET AUGUSTE LUMIÈRE,1630,gex@transakauto.com,09 61 42 87 53,https://annonces.transakauto.com/concessionnaire-voiture-occasion/agence-gex,Auvergne-Rhône-Alpes
Agence GISORS,GISORS,20 rue de Dieppe,27140,gisors@transakauto.com,0685260130,https://annonces.transakauto.com/concessionnaire-voiture-occasion/agence-gisors,Normandie
Agence GRASSE,GRASSE,48 AVENUE DE LA LIBÉRATION,06130,grasse@transakauto.com,04 22 23 92 93,https://annonces.transakauto.com/concessionnaire-voiture-occasion/agence-grasse,Provence-Alpes-Côte d'Azur
Agence GRENOBLE EST,CROLLES,295 RUE DES SOURCES,38920,grenobleest@transakauto.com,04 80 80 46 06,https://annonces.transakauto.com/concessionnaire-voiture-occasion/agence-grenoble-est,Auvergne-Rhône-Alpes
Agence GRENOBLE OUEST,SEYSSINET-PARISET,43 AVENUE DE LA RÉPUBLIQUE,38170,grenobleouest@transakauto.com,04 80 80 92 98,https://annonces.transakauto.com/concessionnaire-voiture-occasion/agence-grenoble-ouest,Auvergne-Rhône-Alpes
Agence HAGUENAU,SCHWEIGHOUSE-SUR-MODER,6 RUE DE L'ECORCAGE,67590,haguenau@transakauto.com,06 70 92 95 18,https://annonces.transakauto.com/concessionnaire-voiture-occasion/agence-haguenau,Grand Est
Agence L&rsquo;ISLE SUR LA SORGUE,L'ISLE-SUR-LA-SORGUE,100 AVENUE DE LA PETITE MARINE,84800,isle@transakauto.com,04 90 15 73 13,https://annonces.transakauto.com/concessionnaire-voiture-occasion/agence-l-isle-sur-la-sorgue,Provence-Alpes-Côte d'Azur
Agence LA ROCHE SUR YON,VENANSAULT,1 RUE BENJAMIN FRANKLIN,85190,laroche-sur-yon@transakauto.com,02 28 97 74 24,https://annonces.transakauto.com/concessionnaire-voiture-occasion/agence-la-roche-sur-yon,Pays de la Loire
Agence LA ROCHELLE / AYTRE,DOMPIERRE-SUR-MER,37 RUE AMPERE ZONE LA CORNE NEUVE,17139,larochelle@transakauto.com,05 16 49 03 91,https://annonces.transakauto.com/concessionnaire-voiture-occasion/agence-la-rochelle,Nouvelle-Aquitaine
Agence LAMBALLE,SAINT-ALBAN,LA PETITE HOUSSAIE,22400,lamballe@transakauto.com,02 57 77 00 51,https://annonces.transakauto.com/concessionnaire-voiture-occasion/agence-lamballe,Bretagne
Agence LANGON,LOUPIAC-DE-LA-REOLE,10 RUE ZAE ECOPOLE,33190,langon@transakauto.com,05 56 61 21 53,https://annonces.transakauto.com/concessionnaire-voiture-occasion/agence-langon,Nouvelle-Aquitaine
Agence LAON,CHAMBRY,18 RUE JEAN-BAPTISTE COLBERT,2000,laon@transakauto.com,06 70 84 13 07,https://annonces.transakauto.com/concessionnaire-voiture-occasion/agence-laon,Hauts-de-France
Agence LAVAL,SAINT BERTHEVIN,34 BOULEVARD DE L'INDUSTRIE,53940,laval@transakauto.com,02 43 02 37 34,https://annonces.transakauto.com/concessionnaire-voiture-occasion/agence-laval,Pays de la Loire
Agence LE HAVRE,HARFLEUR,19 RUE PAUL VERLAINE,76700,lehavre@transakauto.com,06 67 71 54 10,https://annonces.transakauto.com/concessionnaire-voiture-occasion/agence-le-havre,Normandie
Agence LE MANS,LE MANS,38 BOULEVARD D'ESTIENNE D'ORVES,72100,lemans@transakauto.com,02 43 39 37 88,https://annonces.transakauto.com/concessionnaire-voiture-occasion/agence-le-mans,Pays de la Loire
Agence LE RAINCY,VILLEMOMBLE,12 AVENUE DU GENERAL GALLIENI,93250,leraincy@transakauto.com,06 16 41 02 51,https://annonces.transakauto.com/concessionnaire-voiture-occasion/agence-le-raincy,Ile-de-France
Agence LE TOUQUET,VERTON,44 AVENUE DU CHAMP DE GRETZ,62180,letouquet@transakauto.com,03 21 84 11 12,https://annonces.transakauto.com/concessionnaire-voiture-occasion/agence-le-touquet,Hauts-de-France
Agence LENS,LENS,"PARC D'ACTIVITÉS DU GARD, 1 RUE DU GARD",62300,lens@transakauto.com,06 86 27 40 01,https://annonces.transakauto.com/concessionnaire-voiture-occasion/agence-lens,Hauts-de-France
Agence LES CLAYES SOUS BOIS,LES CLAYES SOUS BOIS,10 RUE MAURICE JOUET,78340,lesclayes@transakauto.com,07 61 40 94 36,https://annonces.transakauto.com/concessionnaire-voiture-occasion/agence-les-clayes-sous-bois,Ile-de-France
Agence LES SABLES D&rsquo;OLONNE,LES SABLES-D’OLONNE,"38 AVENUE RENÉ COTY,",85180,lessablesdolonne@transakauto.com,02 51 01 72 11,https://annonces.transakauto.com/concessionnaire-voiture-occasion/agence-les-sables-d-olonne,Pays de la Loire
Agence LIBOURNE,LIBOURNE,26 BIS AVENUE DE L'EPINETTE,33500,libourne@transakauto.com,05 57 50 51 40,https://annonces.transakauto.com/concessionnaire-voiture-occasion/agence-libourne,Nouvelle-Aquitaine
Agence LIEUSAINT,LIEUSAINT,555 AVENUE MARGUERITE PEREY,77127,lieusaint@transakauto.com,01 87 66 55 35,https://annonces.transakauto.com/concessionnaire-voiture-occasion/agence-lieusaint,Ile-de-France
Agence LILLE,WAMBRECHIES,501 RUE OBERT,59118,lille@transakauto.com,07 60 03 78 49,https://annonces.transakauto.com/concessionnaire-voiture-occasion/agence-lille,Hauts-de-France
Agence LIMOGES,LIMOGES,44 RUE AUGUSTE COMTE,87280,limoges@transakauto.com,05 55 37 11 71,https://annonces.transakauto.com/concessionnaire-voiture-occasion/agence-limoges,Nouvelle-Aquitaine
Agence LONS LE SAUNIER,LONS-LE-SAUNIER,745 BOULEVARD THÉODORE VERNIER,39000,lonslesaunier@transakauto.com,06 27 06 06 11,https://annonces.transakauto.com/concessionnaire-voiture-occasion/agence-lons-le-saunier,Bourgogne-Franche-Comté
Agence LORIENT,LORIENT,30 BOULEVARD LEON BLUM,56100,lorient@transakauto.com,06 61 09 85 21,https://annonces.transakauto.com/concessionnaire-voiture-occasion/agence-lorient,Bretagne
Agence LUNEL,VALLERGUES,450 AVENUE DE MONTPELLIER,34130,lunel@transakauto.com,04 67 71 37 86,https://annonces.transakauto.com/concessionnaire-voiture-occasion/agence-lunel,Occitanie
Agence LYON 8 EME,LYON,45 AVENUE PAUL SANTY,69008,lyon8@transakauto.com,09 86 26 62 41,https://annonces.transakauto.com/concessionnaire-voiture-occasion/agence-lyon-8,Auvergne-Rhône-Alpes
Agence LYON EST,CIVRIEUX,150 RUE GEORGES CHARPAK,1390,lyonest@transakauto.com,04 72 05 05 06,https://annonces.transakauto.com/concessionnaire-voiture-occasion/agence-lyon-est,Auvergne-Rhône-Alpes
Agence LYON OUEST,CHAPONOST,12 RUE DE LA PIERRE BLEUE,69630,lyonouest@transakauto.com,04 78 56 27 99,https://annonces.transakauto.com/concessionnaire-voiture-occasion/agence-lyon-ouest,Auvergne-Rhône-Alpes
Agence MACON,CRECHES-SUR-SAONE,266 RUE DE BOURGOGNE,71680,macon@transakauto.com,03 85 20 64 39,https://annonces.transakauto.com/concessionnaire-voiture-occasion/agence-macon,Auvergne-Rhône-Alpes
Agence MANOSQUE,MANOSQUE,96 ROUTE DE MARSEILLE,04100,manosque@transakauto.com,04 22 91 19 29,https://annonces.transakauto.com/concessionnaire-voiture-occasion/agence-manosque,Provence-Alpes-Côte d'Azur
Agence MANTES-LA-JOLIE,MANTES-LA-JOLIE,9 RUE COSTES ET BELLONTE,78200,manteslajolie@transakauto.com,01 86 04 15 61,https://annonces.transakauto.com/concessionnaire-voiture-occasion/agence-mantes-la-jolie,Ile-de-France
Agence MARIGNANE,MARIGNANE,63 AVENUE DU MARECHAL JUIN,13700,marignane@transakauto.com,04 86 68 23 47,https://annonces.transakauto.com/concessionnaire-voiture-occasion/agence-marignane,Provence-Alpes-Côte d'Azur
Agence MAUBEUGE,MAUBEUGE,9 RUE PIERRE DE COUBERTIN,59600,maubeuge@transakauto.com,03 27 56 38 73,https://annonces.transakauto.com/concessionnaire-voiture-occasion/agence-maubeuge,Hauts-de-France
Agence MEAUX,VILLENOY,204 RUE HENRI DE FRANCE,77124,meaux@transakauto.com,06 03 99 77 06,https://annonces.transakauto.com/concessionnaire-voiture-occasion/agence-meaux,Ile-de-France
Agence METZ,LESMENILS,4 RUE DU CHENE BRULE,54700,metz@transakauto.com,03 83 80 03 66,https://annonces.transakauto.com/concessionnaire-voiture-occasion/agence-metz,Grand Est
"Agence MONS, BELGIQUE",MONS,QUAI SUD 31/2,7000,mons@transakauto.com,+32 65 67 62 12,https://annonces.transakauto.com/concessionnaire-voiture-occasion/agence-mons,Belgique
Agence MONT DE MARSAN,MONT DE MARSAN,1144 AVENUE ELOI DUCOM,40000,mont-de-marsan@transakauto.com,05 24 28 12 71,https://annonces.transakauto.com/concessionnaire-voiture-occasion/agence-mont-de-marsan,Nouvelle-Aquitaine
Agence MONTARGIS,AMILLY,110 RUE DE PAUCOURT,45200,montargis@transakauto.com,02 34 05 69 22,https://annonces.transakauto.com/concessionnaire-voiture-occasion/agence-montargis,Centre-Val de Loire
Agence MONTAUBAN,MONTAUBAN,10 IMPASSE D'HELSINKI,82000,montauban@transakauto.com,05 63 31 40 42,https://annonces.transakauto.com/concessionnaire-voiture-occasion/agence-montauban,Occitanie
Agence MONTBELIARD,MATHAY,ZONE INDUSTRIELLE LES ANSANGES,25700,montbeliard25@transakauto.com,07 83 09 60 27,https://annonces.transakauto.com/concessionnaire-voiture-occasion/agence-montbeliard,Grand Est
Agence MONTELIMAR,CHATEAUNEUF-DU-RHONE,58A RUE BENOIT FOURNEYRON,26780,montelimar@transakauto.com,04 75 51 94 16,https://annonces.transakauto.com/concessionnaire-voiture-occasion/agence-montelimar,Auvergne-Rhône-Alpes
Agence MONTLUCON,MONTLUÇON,56 RUE EUGÈNE SUE,3100,montlucon@transakauto.com,06 14 90 25 48,https://annonces.transakauto.com/concessionnaire-voiture-occasion/agence-montlucon,Auvergne-Rhône-Alpes
Agence MONTPELLIER,SAINT JEAN DE VEDAS,3 RUE CLEMENT ADER,34430,montpellier@transakauto.com,04 67 63 01 41,https://annonces.transakauto.com/concessionnaire-voiture-occasion/agence-montpellier,Occitanie
Agence MORLAIX,SAINT-MARTIN-DES-CHAMPS,69 ROUTE DE SAINTE-SÈVE,29600,morlaix@transakauto.com,02 98 59 69 46,https://annonces.transakauto.com/concessionnaire-voiture-occasion/agence-morlaix,Bretagne
Agence MOULINS,YZEURE,132 ROUTE DE LYON,03400,moulins@transakauto.com,04 70 34 55 21,https://annonces.transakauto.com/concessionnaire-voiture-occasion/agence-moulins,Auvergne-Rhône-Alpes
"Agence NAMUR, BELGIQUE",ERPENT,RUE DES BALAIVES 6,5101,namur@transakauto.com,+32 814 00874,https://annonces.transakauto.com/concessionnaire-voiture-occasion/agence-namur,Belgique
Agence NANCY,LUDRES,441 RUE DU FRANCLOS,54710,nancy.mckars@gmail.com,06 72 77 51 31,https://annonces.transakauto.com/concessionnaire-voiture-occasion/agence-nancy,Grand Est
Agence NANTES NORD,SAINT HERBLAIN,9 RUE DE LA JOHARDIERE,44800,nantesnord@transakauto.com,02 40 85 32 53,https://annonces.transakauto.com/concessionnaire-voiture-occasion/agence-nantes-nord,Pays de la Loire
Agence NARBONNE,NARBONNE,441 RUE LAURENT DE LAVOISIER,11100,narbonne@transakauto.com,04 68 45 06 01,https://annonces.transakauto.com/concessionnaire-voiture-occasion/agence-narbonne,Occitanie
Agence NICE EST,NICE,94 BOULEVARD RENE CASSIN,06100,niceest@transakauto.com,04 22 91 83 44,https://annonces.transakauto.com/concessionnaire-voiture-occasion/agence-nice-est,Provence-Alpes-Côte d'Azur
Agence NICE OUEST,SAINT-LAURENT-DU-VAR,64 COURSIVE DES CHARPENTIERS,6700,niceouest@transakauto.com,06 61 20 20 58,https://annonces.transakauto.com/concessionnaire-voiture-occasion/agence-nice-ouest,Provence-Alpes-Côte d'Azur
Agence NIMES,CAISSARGUES,10 AVENUE DE LA VISTRENQUE,30123,nimes1@transakauto.com,04 49 05 93 87,https://annonces.transakauto.com/concessionnaire-voiture-occasion/agence-nimes,Occitanie
Agence NIORT,NIORT,107 RUE DE L'AERODROME,79000,niort@transakauto.com,05 16 18 24 20,https://annonces.transakauto.com/concessionnaire-voiture-occasion/agence-niort,Nouvelle-Aquitaine
Agence ORANGE,ORANGE,775 AVENUE DE VERDUN,84100,orange@transakauto.com,04 86 71 12 04,https://annonces.transakauto.com/concessionnaire-voiture-occasion/agence-orange,Provence-Alpes-Côte d'Azur
Agence ORLEANS,ORLEANS,146 RUE DE LA BARRIERE SAINT MARC,45000,orleans@transakauto.com,06 68 59 39 14,https://annonces.transakauto.com/concessionnaire-voiture-occasion/agence-orleans,Centre-Val de Loire
Agence PAU,LONS,6 RUE LEPINE,64140,pau@transakauto.com,05 35 53 97 05,https://annonces.transakauto.com/concessionnaire-voiture-occasion/agence-pau,Nouvelle-Aquitaine
Agence PERIGUEUX,MARSAC-SUR-L'ISLE,3 BOULEVARD DE LAVENIR,24430,agenceperigueux24@gmail.com,05 53 03 03 25,https://annonces.transakauto.com/concessionnaire-voiture-occasion/agence-perigueux,Nouvelle-Aquitaine
Agence PERPIGNAN NORD SAINT ESTEVE,SAINT-ESTEVE,32 AVENUE TORREMILA,66240,sm.transactionauto@gmail.com,04 48 89 96 89,https://annonces.transakauto.com/concessionnaire-voiture-occasion/agence-perpignan,Occitanie
Agence PERTUIS,PERTUIS,79 RUE DENIS PAPIN,84120,pertuis@transakauto.com,04 22 91 90 11,https://annonces.transakauto.com/concessionnaire-voiture-occasion/agence-pertuis,Provence-Alpes-Côte d'Azur
Agence PLOERMEL,LES FORGES DE LANOUÉE,ZA DE LA BOURDONNAYE,56120,ploermel@transakauto.com,02 97 72 62 75,https://annonces.transakauto.com/concessionnaire-voiture-occasion/agence-ploermel,Bretagne
Agence POITIERS,BIARD,3 RUE RAYMOND COLLART,86580,poitiers@transakauto.com,05 49 55 38 47,https://annonces.transakauto.com/concessionnaire-voiture-occasion/agence-poitiers,Nouvelle-Aquitaine
Agence PORNIC,PORNIC,31 RUE DES CHAMPS FRANCS,44210,pornic@transakauto.com,09 56 31 10 00,https://annonces.transakauto.com/concessionnaire-voiture-occasion/agence-pornic,Pays de la Loire
Agence PROVINS,PROVINS,15 RUE VALENTIN ABEILLE,77160,provins@transakauto.com,06 79 92 78 92,https://annonces.transakauto.com/concessionnaire-voiture-occasion/agence-provins,Ile-de-France
Agence QUIMPER,QUIMPER,"41 ROUTE DE ROSPORDEN,",29000,quimper@transakauto.com,07 63 86 90 10,https://annonces.transakauto.com/concessionnaire-voiture-occasion/agence-quimper,Bretagne
Agence RAMBOUILLET,GAZERAN,"ZAC DE BEL AIR, 1 RUE AMELIA EARHART",78125,rambouillet@transakauto.com,01 89 88 23 30,https://annonces.transakauto.com/concessionnaire-voiture-occasion/agence-rambouillet,Ile-de-France
Agence REDON,SAINTE-MARIE,23 RUE DU LOTIER DES MARAIS ZA LANDE SAINT-JEAN,35600,redon@transakauto.com,02 99 72 13 89,https://annonces.transakauto.com/concessionnaire-voiture-occasion/agence-redon,Bretagne
Agence REIMS,REIMS,6 RUE MAURICE PREVOTEAU,51100,reims@transakauto.com,03 74 47 29 59,https://annonces.transakauto.com/concessionnaire-voiture-occasion/agence-reims,Grand Est
Agence RENNES OUEST,LA CHAPELLE-DES-FOUGERETZ,4 RUE DU TERTRE ZA DE LA BROSSE,35520,rennesouest@transakauto.com,02 99 02 84 05,https://annonces.transakauto.com/concessionnaire-voiture-occasion/agence-rennes-ouest-sarl-jm-motors,Bretagne
Agence ROANNE,RIORGES,71 IMPASSE CLÉMENT ADER,42153,roanne@transakauto.com,04 84 84 47 84,https://annonces.transakauto.com/concessionnaire-voiture-occasion/agence-roanne,Auvergne-Rhône-Alpes
Agence RODEZ,ONET-LE-CHATEAU,566 RUE DE CANTARANNE,12850,rodez@transakauto.com,07 60 23 49 83,https://annonces.transakauto.com/concessionnaire-voiture-occasion/agence-rodez,Occitanie
Agence ROMANS SUR ISERE,ROMANS-SUR-ISERE,485 RUE DENIS PAPIN,26750,romans@transakauto.com,04 65 84 35 15,https://annonces.transakauto.com/concessionnaire-voiture-occasion/agence-romans-sur-isere,Auvergne-Rhône-Alpes
Agence ROUEN,BOIS-GUILLAUME,"CENTRE COMMERCIAL LES BOCQUETS, RUE D'UELZEN",76230,rouen@transakauto.com,02 35 36 86 70,https://annonces.transakauto.com/concessionnaire-voiture-occasion/agence-rouen,Normandie
Agence SAINT ETIENNE,SAINT-ETIENNE,8/10 RUE GUSTAVE DELORY,42000,saintetienne@transakauto.com,04 82 82 92 30,https://annonces.transakauto.com/concessionnaire-voiture-occasion/agence-saint-etienne,Auvergne-Rhône-Alpes
Agence SAINT MAUR,ST MAUR DES FOSSEES,83 AVENUE VICTOR HUGO,94100,saintmaur@transakauto.com,06 08 92 24 61,https://annonces.transakauto.com/concessionnaire-voiture-occasion/agence-saint-maur,Ile-de-France
Agence SAINT MAXIMIN,SAINT-MAXIMIN,41 RUE BENOIT FRACHON,60740,st-maximin@transakauto.com,06 83 23 18 07,https://annonces.transakauto.com/concessionnaire-voiture-occasion/agence-st-maximin-lpr-motors,Hauts-de-France
"Agence SAINT-ANDRE, REUNION",SAINT-ANDRE,71 CHEMIN PENTE SASSY,97440,saint-andre@transakauto.com,06 93 94 92 96,https://annonces.transakauto.com/concessionnaire-voiture-occasion/agence-saint-andre,La Réunion
Agence SAINT-BRIEUC,SAINT-BRIEUC,61 BIS RUE DE PARIS,22000,saintbrieuc@transakauto.com,06 81 37 93 92,https://annonces.transakauto.com/concessionnaire-voiture-occasion/agence-saint-brieuc,Bretagne
"Agence SAINT-DENIS, REUNION",SAINT DENIS,26 RUE GABRIEL DE KERVEGEN SAINT-DENIS,97490,saint-denis@transakauto.com,+262 693 43 59 94,https://annonces.transakauto.com/concessionnaire-voiture-occasion/agence-saint-denis-reunion,La Réunion
Agence SAINT-DIZIER,SAINT DIZIER,RUE PHILIPPE CHARBONNEAUX ZAC DU CHÊNE ST AMAND,51200,saint-dizier@transakauto.com,06 15 60 33 31,https://annonces.transakauto.com/concessionnaire-voiture-occasion/agence-saint-dizier,Grand Est
Agence SAINT-LO,SAINT-LÔ,92 RUE KONRAD ADENAUER,50000,saint-lo@transakauto.com,0233725013,https://annonces.transakauto.com/concessionnaire-voiture-occasion/agence-saint-lo,Normandie
Agence SAINT-LOUIS,HEGENHEIM,2 RUE DES MÉTIERS,68220,saint-louis@transakauto.com,03 89 67 18 79,https://annonces.transakauto.com/concessionnaire-voiture-occasion/agence-saint-louis,Grand Est
Agence SAINT-MALO,ST MALO,22 AVENUE DU GENERAL FERRIE,35400,saint-malo@transakauto.com,06 83 92 39 28,https://annonces.transakauto.com/concessionnaire-voiture-occasion/agence-st-malo,Bretagne
Agence SAINT-NAZAIRE,SAINT-NAZAIRE,3 RUE DENIS PAPIN,44600,saintnazaire@transakauto.com,02 40 42 06 50,https://annonces.transakauto.com/concessionnaire-voiture-occasion/agence-saint-nazaire,Pays de la Loire
Agence SAINT-QUENTIN,SAINT-QUENTIN,5 RUE DACHERY,2100,saintquentin@transakauto.com,06 09 82 94 38,https://annonces.transakauto.com/concessionnaire-voiture-occasion/agence-saint-quentin,Hauts-de-France
Agence SAINTES,SAINTES,30 BIS RUE DES FOUGERES,17100,saintes@transakauto.com,05 17 28 65 48,https://annonces.transakauto.com/concessionnaire-voiture-occasion/agence-saintes,Nouvelle-Aquitaine
Agence SALLANCHES,CLUSES,11 AVENUE DE LA LIBÉRATION,74300,cluses-sallanches@transakauto.com,09 86 42 08 04,https://annonces.transakauto.com/concessionnaire-voiture-occasion/agence-sallanches,Auvergne-Rhône-Alpes
Agence SARLAT,SARLAT-LA-CANEDA,81 AVENUE DE LA CANEDA,24200,sarlat@transakauto.com,05 53 28 04 59,https://annonces.transakauto.com/concessionnaire-voiture-occasion/agence-sarlat,Nouvelle-Aquitaine
Agence SARTROUVILLE,CORMEILLES-EN-PARISIS,"ZAC DES BOIS ROCHEFORT, 5 RUE GEORGES MELIES,",95240,sartrouville@transakauto.com,01 83 84 63 90,https://annonces.transakauto.com/concessionnaire-voiture-occasion/agence-sartrouville,Ile-de-France
Agence SAUMUR,DISTRE,"ZAC DU CHAMP BLANCHARD, 4 ALLEE DE LA GAGNERIE",49400,saumur@transakauto.com,02 53 93 05 82,https://annonces.transakauto.com/concessionnaire-voiture-occasion/agence-saumur,Pays de la Loire
Agence SECLIN,SECLIN,"235 RUE DE L'INDUSTRIE,",59113,seclin@transakauto.com,06 71 64 29 70,https://annonces.transakauto.com/concessionnaire-voiture-occasion/agence-seclin,Hauts-de-France
Agence SENS,SENS,30B RUE DE LA PÉPINIÈRE,89100,sens@transakauto.com,03 58 15 58 29,https://annonces.transakauto.com/concessionnaire-voiture-occasion/agence-sens,Bourgogne-Franche-Comté
Agence SETE,GIGEAN,4 RUE DE L'EMBOSQUE,34770,sete@transakauto.com,04 99 02 06 26,https://annonces.transakauto.com/concessionnaire-voiture-occasion/agence-sete,Occitanie
Agence STRASBOURG NORD,LAMPERTHEIM,13 RUE DU CHEMIN DE FER,67450,strasbourgnord@transakauto.com,03 69 61 25 59,https://annonces.transakauto.com/concessionnaire-voiture-occasion/agence-strasbourg-nord,Grand Est
Agence TARBES,ODOS,"22 AV. DE LOURDES,",65310,tarbes@transakauto.com,05 67 05 80 85,https://annonces.transakauto.com/concessionnaire-voiture-occasion/agence-tarbes,Occitanie
Agence THIAIS,ORLY,15 RUE DES AUBÉPINES,94310,thiais@transakauto.com,06 83 35 41 69,https://annonces.transakauto.com/concessionnaire-voiture-occasion/agence-thiais,Ile-de-France
Agence THIONVILLE,HETTANGE GRANDE,32 RUE DU GENERAL PATTON,57330,transakautothionville.tt.vente.bl@master-biz.io,03 65 67 06 11,https://annonces.transakauto.com/concessionnaire-voiture-occasion/agence-thionville,Grand Est
Agence THONON-LES-BAINS,PERRIGNIER,300 RUE DU BRAFYEU ZI LES GRANDES TEPPES,74550,thonon-les-bains@transakauto.com,04 80 95 89 45,https://annonces.transakauto.com/concessionnaire-voiture-occasion/agence-thonon-les-bains,Auvergne-Rhône-Alpes
Agence TOULON,OLLIOULES,293 ROUTE DE LA SEYNE,83190,toulon@transakauto.com,07 80 95 40 84,https://annonces.transakauto.com/concessionnaire-voiture-occasion/agence-toulon,Provence-Alpes-Côte d'Azur
Agence TOULOUSE EST,L'UNION,23 RUE D'HELIOS,31240,toulouse.est@transakauto.com,06 86 37 79 79,https://annonces.transakauto.com/concessionnaire-voiture-occasion/agence-toulouse-est,Occitanie
Agence TOULOUSE OUEST,PIBRAC,9 RUE GUINARD,31820,toulouse@transakauto.com,07 57 67 85 75,https://annonces.transakauto.com/concessionnaire-voiture-occasion/agence-toulouse,Occitanie
Agence TOURCOING,RONCQ,222 RUE DE LILLE,59223,tourcoing@transakauto.com,07 63 04 84 85,https://annonces.transakauto.com/concessionnaire-voiture-occasion/agence-tourcoing,Hauts-de-France
Agence TOURS SUD,CHAMBRAY LES TOURS,102 BIS RUE DE L'HIPPODROME,37170,tours@transakauto.com,07 88 63 83 86,https://annonces.transakauto.com/concessionnaire-voiture-occasion/agence-tours,Centre-Val de Loire
Agence TROYES,SAINT LYE,11 ROUTE DE GRANGE L'EVEQUE,10180,troyes@transakauto.com,03 65 67 12 93,https://annonces.transakauto.com/concessionnaire-voiture-occasion/agence-troyes,Grand Est
Agence VALENCE,BEAUMONT-LES-VALENCE,505 ALLÉE RENÉ HIGONNET,26760,valence@transakauto.com,04 82 32 91 61,https://annonces.transakauto.com/concessionnaire-voiture-occasion/agence-valence,Auvergne-Rhône-Alpes
Agence VALENCIENNES,PETITE FORET,75 RUE LAPLACE,59494,valenciennes@transakauto.com,06 71 89 08 80,https://annonces.transakauto.com/concessionnaire-voiture-occasion/agence-valenciennes,Hauts-de-France
Agence VANNES,SAINT-AVE,22 RUE MARCEL DASSAULT,56890,vannes@transakauto.com,02 30 85 96 69,https://annonces.transakauto.com/concessionnaire-voiture-occasion/agence-vannes,Bretagne
Agence VIENNE,ESTRABLIN,"IMPASSE OPALE, ZA DU ROCHER",38780,vienne@transakauto.com,09 81 51 78 53,https://annonces.transakauto.com/concessionnaire-voiture-occasion/agence-vienne,Auvergne-Rhône-Alpes
Agence VIERZON,VIERZON,1 TER ZAC DE L'ORÉE DE SOLOGNE,18100,vierzon@transakauto.com,06 37 84 49 23,https://annonces.transakauto.com/concessionnaire-voiture-occasion/agence-vierzon,Centre-Val de Loire
Agence VILLEFRANCHE SUR SAONE,GLEIZE,129 RUE DE LA FARNIERE,69400,villefranche69@transakauto.com,04 74 06 30 80,https://annonces.transakauto.com/concessionnaire-voiture-occasion/agence-villefranche-sur-saone,Auvergne-Rhône-Alpes
Agence VILLEFRANCHE-DE-LAURAGAIS,VILLEFRANCHE DE LAURAGAIS,8 CHEMIN DU PASTEL,31290,villefranche@transakauto.com,06 71 85 15 36,https://annonces.transakauto.com/concessionnaire-voiture-occasion/agence-villefranche,Occitanie
Agence VINCENNES,VINCENNES,38 RUE DE FONTENAY,94300,vincennes@transakauto.com,07 68 26 29 45,https://annonces.transakauto.com/concessionnaire-voiture-occasion/agence-vincennes,Ile-de-France
Agence WISSOUS,WISSOUS,5 BIS RUE ANDRE DOLIMIER,91320,wissous@transakauto.com,01 88 83 07 50,https://annonces.transakauto.com/concessionnaire-voiture-occasion/agence-wissous,Ile-de-France
Agence YVETOT,SAINTE MARIE DES CHAMPS,1 IMPASSE DES RENARDS,76190,yvetot@transakauto.com,02 78 08 91 47,https://annonces.transakauto.com/concessionnaire-voiture-occasion/agence-yvetot,Normandie
